Provincia de procedencia (agrupadas por comunidad autónoma);Nacionalidad;Continente de nacimiento;Total
Total;Total;Total;271.225
Total;Total;Nacidos en España;41.708
Total;Total;Nacidos en la UE27_2020;65.039
Total;Total;Nacidos en el resto de Europa;26.451
Total;Total;Nacidos en África;43.683
Total;Total;Nacidos en América;74.563
Total;Total;Nacidos en Asia;19.388
Total;Total;Nacidos en Oceanía;393
Total;Españoles;Total;51.699
Total;Españoles;Nacidos en España;32.502
Total;Españoles;Nacidos en la UE27_2020;1.035
Total;Españoles;Nacidos en el resto de Europa;738
Total;Españoles;Nacidos en África;4.072
Total;Españoles;Nacidos en América;11.977
Total;Españoles;Nacidos en Asia;1.345
Total;Españoles;Nacidos en Oceanía;30
Total;Extranjeros;Total;219.526
Total;Extranjeros;Nacidos en España;9.206
Total;Extranjeros;Nacidos en la UE27_2020;64.004
Total;Extranjeros;Nacidos en el resto de Europa;25.713
Total;Extranjeros;Nacidos en África;39.611
Total;Extranjeros;Nacidos en América;62.586
Total;Extranjeros;Nacidos en Asia;18.043
Total;Extranjeros;Nacidos en Oceanía;363
ANDALUCÍA;Total;Total;38.468
ANDALUCÍA;Total;Nacidos en España;6.206
ANDALUCÍA;Total;Nacidos en la UE27_2020;8.982
ANDALUCÍA;Total;Nacidos en el resto de Europa;6.166
ANDALUCÍA;Total;Nacidos en África;8.517
ANDALUCÍA;Total;Nacidos en América;6.951
ANDALUCÍA;Total;Nacidos en Asia;1.571
ANDALUCÍA;Total;Nacidos en Oceanía;75
ANDALUCÍA;Españoles;Total;6.713
ANDALUCÍA;Españoles;Nacidos en España;4.680
ANDALUCÍA;Españoles;Nacidos en la UE27_2020;176
ANDALUCÍA;Españoles;Nacidos en el resto de Europa;105
ANDALUCÍA;Españoles;Nacidos en África;559
ANDALUCÍA;Españoles;Nacidos en América;1.078
ANDALUCÍA;Españoles;Nacidos en Asia;113
ANDALUCÍA;Españoles;Nacidos en Oceanía;2
ANDALUCÍA;Extranjeros;Total;31.755
ANDALUCÍA;Extranjeros;Nacidos en España;1.526
ANDALUCÍA;Extranjeros;Nacidos en la UE27_2020;8.806
ANDALUCÍA;Extranjeros;Nacidos en el resto de Europa;6.061
ANDALUCÍA;Extranjeros;Nacidos en África;7.958
ANDALUCÍA;Extranjeros;Nacidos en América;5.873
ANDALUCÍA;Extranjeros;Nacidos en Asia;1.458
ANDALUCÍA;Extranjeros;Nacidos en Oceanía;73
Almería;Total;Total;8.191
Almería;Total;Nacidos en España;837
Almería;Total;Nacidos en la UE27_2020;1.846
Almería;Total;Nacidos en el resto de Europa;1.263
Almería;Total;Nacidos en África;3.204
Almería;Total;Nacidos en América;856
Almería;Total;Nacidos en Asia;181
Almería;Total;Nacidos en Oceanía;4
Almería;Españoles;Total;743
Almería;Españoles;Nacidos en España;423
Almería;Españoles;Nacidos en la UE27_2020;18
Almería;Españoles;Nacidos en el resto de Europa;6
Almería;Españoles;Nacidos en África;117
Almería;Españoles;Nacidos en América;151
Almería;Españoles;Nacidos en Asia;28
Almería;Españoles;Nacidos en Oceanía;0
Almería;Extranjeros;Total;7.448
Almería;Extranjeros;Nacidos en España;414
Almería;Extranjeros;Nacidos en la UE27_2020;1.828
Almería;Extranjeros;Nacidos en el resto de Europa;1.257
Almería;Extranjeros;Nacidos en África;3.087
Almería;Extranjeros;Nacidos en América;705
Almería;Extranjeros;Nacidos en Asia;153
Almería;Extranjeros;Nacidos en Oceanía;4
Cádiz;Total;Total;2.644
Cádiz;Total;Nacidos en España;829
Cádiz;Total;Nacidos en la UE27_2020;369
Cádiz;Total;Nacidos en el resto de Europa;206
Cádiz;Total;Nacidos en África;629
Cádiz;Total;Nacidos en América;546
Cádiz;Total;Nacidos en Asia;62
Cádiz;Total;Nacidos en Oceanía;3
Cádiz;Españoles;Total;930
Cádiz;Españoles;Nacidos en España;760
Cádiz;Españoles;Nacidos en la UE27_2020;25
Cádiz;Españoles;Nacidos en el resto de Europa;14
Cádiz;Españoles;Nacidos en África;51
Cádiz;Españoles;Nacidos en América;77
Cádiz;Españoles;Nacidos en Asia;3
Cádiz;Españoles;Nacidos en Oceanía;0
Cádiz;Extranjeros;Total;1.714
Cádiz;Extranjeros;Nacidos en España;69
Cádiz;Extranjeros;Nacidos en la UE27_2020;344
Cádiz;Extranjeros;Nacidos en el resto de Europa;192
Cádiz;Extranjeros;Nacidos en África;578
Cádiz;Extranjeros;Nacidos en América;469
Cádiz;Extranjeros;Nacidos en Asia;59
Cádiz;Extranjeros;Nacidos en Oceanía;3
Córdoba;Total;Total;1.040
Córdoba;Total;Nacidos en España;358
Córdoba;Total;Nacidos en la UE27_2020;211
Córdoba;Total;Nacidos en el resto de Europa;49
Córdoba;Total;Nacidos en África;275
Córdoba;Total;Nacidos en América;123
Córdoba;Total;Nacidos en Asia;6
Córdoba;Total;Nacidos en Oceanía;18
Córdoba;Españoles;Total;415
Córdoba;Españoles;Nacidos en España;342
Córdoba;Españoles;Nacidos en la UE27_2020;10
Córdoba;Españoles;Nacidos en el resto de Europa;5
Córdoba;Españoles;Nacidos en África;14
Córdoba;Españoles;Nacidos en América;44
Córdoba;Españoles;Nacidos en Asia;0
Córdoba;Españoles;Nacidos en Oceanía;0
Córdoba;Extranjeros;Total;625
Córdoba;Extranjeros;Nacidos en España;16
Córdoba;Extranjeros;Nacidos en la UE27_2020;201
Córdoba;Extranjeros;Nacidos en el resto de Europa;44
Córdoba;Extranjeros;Nacidos en África;261
Córdoba;Extranjeros;Nacidos en América;79
Córdoba;Extranjeros;Nacidos en Asia;6
Córdoba;Extranjeros;Nacidos en Oceanía;18
Granada;Total;Total;2.749
Granada;Total;Nacidos en España;666
Granada;Total;Nacidos en la UE27_2020;671
Granada;Total;Nacidos en el resto de Europa;214
Granada;Total;Nacidos en África;672
Granada;Total;Nacidos en América;453
Granada;Total;Nacidos en Asia;71
Granada;Total;Nacidos en Oceanía;2
Granada;Españoles;Total;801
Granada;Españoles;Nacidos en España;595
Granada;Españoles;Nacidos en la UE27_2020;30
Granada;Españoles;Nacidos en el resto de Europa;15
Granada;Españoles;Nacidos en África;55
Granada;Españoles;Nacidos en América;102
Granada;Españoles;Nacidos en Asia;4
Granada;Españoles;Nacidos en Oceanía;0
Granada;Extranjeros;Total;1.948
Granada;Extranjeros;Nacidos en España;71
Granada;Extranjeros;Nacidos en la UE27_2020;641
Granada;Extranjeros;Nacidos en el resto de Europa;199
Granada;Extranjeros;Nacidos en África;617
Granada;Extranjeros;Nacidos en América;351
Granada;Extranjeros;Nacidos en Asia;67
Granada;Extranjeros;Nacidos en Oceanía;2
Huelva;Total;Total;1.567
Huelva;Total;Nacidos en España;222
Huelva;Total;Nacidos en la UE27_2020;636
Huelva;Total;Nacidos en el resto de Europa;50
Huelva;Total;Nacidos en África;468
Huelva;Total;Nacidos en América;171
Huelva;Total;Nacidos en Asia;19
Huelva;Total;Nacidos en Oceanía;1
Huelva;Españoles;Total;245
Huelva;Españoles;Nacidos en España;168
Huelva;Españoles;Nacidos en la UE27_2020;11
Huelva;Españoles;Nacidos en el resto de Europa;1
Huelva;Españoles;Nacidos en África;27
Huelva;Españoles;Nacidos en América;37
Huelva;Españoles;Nacidos en Asia;1
Huelva;Españoles;Nacidos en Oceanía;0
Huelva;Extranjeros;Total;1.322
Huelva;Extranjeros;Nacidos en España;54
Huelva;Extranjeros;Nacidos en la UE27_2020;625
Huelva;Extranjeros;Nacidos en el resto de Europa;49
Huelva;Extranjeros;Nacidos en África;441
Huelva;Extranjeros;Nacidos en América;134
Huelva;Extranjeros;Nacidos en Asia;18
Huelva;Extranjeros;Nacidos en Oceanía;1
Jaén;Total;Total;832
Jaén;Total;Nacidos en España;283
Jaén;Total;Nacidos en la UE27_2020;127
Jaén;Total;Nacidos en el resto de Europa;35
Jaén;Total;Nacidos en África;192
Jaén;Total;Nacidos en América;129
Jaén;Total;Nacidos en Asia;64
Jaén;Total;Nacidos en Oceanía;2
Jaén;Españoles;Total;351
Jaén;Españoles;Nacidos en España;263
Jaén;Españoles;Nacidos en la UE27_2020;4
Jaén;Españoles;Nacidos en el resto de Europa;6
Jaén;Españoles;Nacidos en África;27
Jaén;Españoles;Nacidos en América;31
Jaén;Españoles;Nacidos en Asia;20
Jaén;Españoles;Nacidos en Oceanía;0
Jaén;Extranjeros;Total;481
Jaén;Extranjeros;Nacidos en España;20
Jaén;Extranjeros;Nacidos en la UE27_2020;123
Jaén;Extranjeros;Nacidos en el resto de Europa;29
Jaén;Extranjeros;Nacidos en África;165
Jaén;Extranjeros;Nacidos en América;98
Jaén;Extranjeros;Nacidos en Asia;44
Jaén;Extranjeros;Nacidos en Oceanía;2
Málaga;Total;Total;15.972
Málaga;Total;Nacidos en España;1.837
Málaga;Total;Nacidos en la UE27_2020;4.025
Málaga;Total;Nacidos en el resto de Europa;4.051
Málaga;Total;Nacidos en África;2.184
Málaga;Total;Nacidos en América;2.971
Málaga;Total;Nacidos en Asia;875
Málaga;Total;Nacidos en Oceanía;29
Málaga;Españoles;Total;1.891
Málaga;Españoles;Nacidos en España;1.099
Málaga;Españoles;Nacidos en la UE27_2020;52
Málaga;Españoles;Nacidos en el resto de Europa;46
Málaga;Españoles;Nacidos en África;218
Málaga;Españoles;Nacidos en América;424
Málaga;Españoles;Nacidos en Asia;50
Málaga;Españoles;Nacidos en Oceanía;2
Málaga;Extranjeros;Total;14.081
Málaga;Extranjeros;Nacidos en España;738
Málaga;Extranjeros;Nacidos en la UE27_2020;3.973
Málaga;Extranjeros;Nacidos en el resto de Europa;4.005
Málaga;Extranjeros;Nacidos en África;1.966
Málaga;Extranjeros;Nacidos en América;2.547
Málaga;Extranjeros;Nacidos en Asia;825
Málaga;Extranjeros;Nacidos en Oceanía;27
Sevilla;Total;Total;5.473
Sevilla;Total;Nacidos en España;1.174
Sevilla;Total;Nacidos en la UE27_2020;1.097
Sevilla;Total;Nacidos en el resto de Europa;298
Sevilla;Total;Nacidos en África;893
Sevilla;Total;Nacidos en América;1.702
Sevilla;Total;Nacidos en Asia;293
Sevilla;Total;Nacidos en Oceanía;16
Sevilla;Españoles;Total;1.337
Sevilla;Españoles;Nacidos en España;1.030
Sevilla;Españoles;Nacidos en la UE27_2020;26
Sevilla;Españoles;Nacidos en el resto de Europa;12
Sevilla;Españoles;Nacidos en África;50
Sevilla;Españoles;Nacidos en América;212
Sevilla;Españoles;Nacidos en Asia;7
Sevilla;Españoles;Nacidos en Oceanía;0
Sevilla;Extranjeros;Total;4.136
Sevilla;Extranjeros;Nacidos en España;144
Sevilla;Extranjeros;Nacidos en la UE27_2020;1.071
Sevilla;Extranjeros;Nacidos en el resto de Europa;286
Sevilla;Extranjeros;Nacidos en África;843
Sevilla;Extranjeros;Nacidos en América;1.490
Sevilla;Extranjeros;Nacidos en Asia;286
Sevilla;Extranjeros;Nacidos en Oceanía;16
ARAGÓN;Total;Total;11.195
ARAGÓN;Total;Nacidos en España;1.400
ARAGÓN;Total;Nacidos en la UE27_2020;2.295
ARAGÓN;Total;Nacidos en el resto de Europa;318
ARAGÓN;Total;Nacidos en África;2.627
ARAGÓN;Total;Nacidos en América;3.685
ARAGÓN;Total;Nacidos en Asia;856
ARAGÓN;Total;Nacidos en Oceanía;14
ARAGÓN;Españoles;Total;1.266
ARAGÓN;Españoles;Nacidos en España;793
ARAGÓN;Españoles;Nacidos en la UE27_2020;33
ARAGÓN;Españoles;Nacidos en el resto de Europa;12
ARAGÓN;Españoles;Nacidos en África;169
ARAGÓN;Españoles;Nacidos en América;233
ARAGÓN;Españoles;Nacidos en Asia;26
ARAGÓN;Españoles;Nacidos en Oceanía;0
ARAGÓN;Extranjeros;Total;9.929
ARAGÓN;Extranjeros;Nacidos en España;607
ARAGÓN;Extranjeros;Nacidos en la UE27_2020;2.262
ARAGÓN;Extranjeros;Nacidos en el resto de Europa;306
ARAGÓN;Extranjeros;Nacidos en África;2.458
ARAGÓN;Extranjeros;Nacidos en América;3.452
ARAGÓN;Extranjeros;Nacidos en Asia;830
ARAGÓN;Extranjeros;Nacidos en Oceanía;14
Huesca;Total;Total;1.448
Huesca;Total;Nacidos en España;213
Huesca;Total;Nacidos en la UE27_2020;694
Huesca;Total;Nacidos en el resto de Europa;40
Huesca;Total;Nacidos en África;264
Huesca;Total;Nacidos en América;219
Huesca;Total;Nacidos en Asia;18
Huesca;Total;Nacidos en Oceanía;0
Huesca;Españoles;Total;244
Huesca;Españoles;Nacidos en España;142
Huesca;Españoles;Nacidos en la UE27_2020;8
Huesca;Españoles;Nacidos en el resto de Europa;5
Huesca;Españoles;Nacidos en África;45
Huesca;Españoles;Nacidos en América;43
Huesca;Españoles;Nacidos en Asia;1
Huesca;Españoles;Nacidos en Oceanía;0
Huesca;Extranjeros;Total;1.204
Huesca;Extranjeros;Nacidos en España;71
Huesca;Extranjeros;Nacidos en la UE27_2020;686
Huesca;Extranjeros;Nacidos en el resto de Europa;35
Huesca;Extranjeros;Nacidos en África;219
Huesca;Extranjeros;Nacidos en América;176
Huesca;Extranjeros;Nacidos en Asia;17
Huesca;Extranjeros;Nacidos en Oceanía;0
Teruel;Total;Total;639
Teruel;Total;Nacidos en España;66
Teruel;Total;Nacidos en la UE27_2020;328
Teruel;Total;Nacidos en el resto de Europa;14
Teruel;Total;Nacidos en África;89
Teruel;Total;Nacidos en América;118
Teruel;Total;Nacidos en Asia;23
Teruel;Total;Nacidos en Oceanía;1
Teruel;Españoles;Total;79
Teruel;Españoles;Nacidos en España;49
Teruel;Españoles;Nacidos en la UE27_2020;5
Teruel;Españoles;Nacidos en el resto de Europa;0
Teruel;Españoles;Nacidos en África;3
Teruel;Españoles;Nacidos en América;15
Teruel;Españoles;Nacidos en Asia;7
Teruel;Españoles;Nacidos en Oceanía;0
Teruel;Extranjeros;Total;560
Teruel;Extranjeros;Nacidos en España;17
Teruel;Extranjeros;Nacidos en la UE27_2020;323
Teruel;Extranjeros;Nacidos en el resto de Europa;14
Teruel;Extranjeros;Nacidos en África;86
Teruel;Extranjeros;Nacidos en América;103
Teruel;Extranjeros;Nacidos en Asia;16
Teruel;Extranjeros;Nacidos en Oceanía;1
Zaragoza;Total;Total;9.108
Zaragoza;Total;Nacidos en España;1.121
Zaragoza;Total;Nacidos en la UE27_2020;1.273
Zaragoza;Total;Nacidos en el resto de Europa;264
Zaragoza;Total;Nacidos en África;2.274
Zaragoza;Total;Nacidos en América;3.348
Zaragoza;Total;Nacidos en Asia;815
Zaragoza;Total;Nacidos en Oceanía;13
Zaragoza;Españoles;Total;943
Zaragoza;Españoles;Nacidos en España;602
Zaragoza;Españoles;Nacidos en la UE27_2020;20
Zaragoza;Españoles;Nacidos en el resto de Europa;7
Zaragoza;Españoles;Nacidos en África;121
Zaragoza;Españoles;Nacidos en América;175
Zaragoza;Españoles;Nacidos en Asia;18
Zaragoza;Españoles;Nacidos en Oceanía;0
Zaragoza;Extranjeros;Total;8.165
Zaragoza;Extranjeros;Nacidos en España;519
Zaragoza;Extranjeros;Nacidos en la UE27_2020;1.253
Zaragoza;Extranjeros;Nacidos en el resto de Europa;257
Zaragoza;Extranjeros;Nacidos en África;2.153
Zaragoza;Extranjeros;Nacidos en América;3.173
Zaragoza;Extranjeros;Nacidos en Asia;797
Zaragoza;Extranjeros;Nacidos en Oceanía;13
ASTURIAS, PRINCIPADO DE;Total;Total;1.982
ASTURIAS, PRINCIPADO DE;Total;Nacidos en España;613
ASTURIAS, PRINCIPADO DE;Total;Nacidos en la UE27_2020;299
ASTURIAS, PRINCIPADO DE;Total;Nacidos en el resto de Europa;69
ASTURIAS, PRINCIPADO DE;Total;Nacidos en África;163
ASTURIAS, PRINCIPADO DE;Total;Nacidos en América;756
ASTURIAS, PRINCIPADO DE;Total;Nacidos en Asia;76
ASTURIAS, PRINCIPADO DE;Total;Nacidos en Oceanía;6
ASTURIAS, PRINCIPADO DE;Españoles;Total;883
ASTURIAS, PRINCIPADO DE;Españoles;Nacidos en España;577
ASTURIAS, PRINCIPADO DE;Españoles;Nacidos en la UE27_2020;18
ASTURIAS, PRINCIPADO DE;Españoles;Nacidos en el resto de Europa;13
ASTURIAS, PRINCIPADO DE;Españoles;Nacidos en África;33
ASTURIAS, PRINCIPADO DE;Españoles;Nacidos en América;235
ASTURIAS, PRINCIPADO DE;Españoles;Nacidos en Asia;7
ASTURIAS, PRINCIPADO DE;Españoles;Nacidos en Oceanía;0
ASTURIAS, PRINCIPADO DE;Extranjeros;Total;1.099
ASTURIAS, PRINCIPADO DE;Extranjeros;Nacidos en España;36
ASTURIAS, PRINCIPADO DE;Extranjeros;Nacidos en la UE27_2020;281
ASTURIAS, PRINCIPADO DE;Extranjeros;Nacidos en el resto de Europa;56
ASTURIAS, PRINCIPADO DE;Extranjeros;Nacidos en África;130
ASTURIAS, PRINCIPADO DE;Extranjeros;Nacidos en América;521
ASTURIAS, PRINCIPADO DE;Extranjeros;Nacidos en Asia;69
ASTURIAS, PRINCIPADO DE;Extranjeros;Nacidos en Oceanía;6
BALEARS, ILLES;Total;Total;7.146
BALEARS, ILLES;Total;Nacidos en España;997
BALEARS, ILLES;Total;Nacidos en la UE27_2020;2.472
BALEARS, ILLES;Total;Nacidos en el resto de Europa;636
BALEARS, ILLES;Total;Nacidos en África;741
BALEARS, ILLES;Total;Nacidos en América;2.005
BALEARS, ILLES;Total;Nacidos en Asia;289
BALEARS, ILLES;Total;Nacidos en Oceanía;6
BALEARS, ILLES;Españoles;Total;1.482
BALEARS, ILLES;Españoles;Nacidos en España;804
BALEARS, ILLES;Españoles;Nacidos en la UE27_2020;23
BALEARS, ILLES;Españoles;Nacidos en el resto de Europa;23
BALEARS, ILLES;Españoles;Nacidos en África;143
BALEARS, ILLES;Españoles;Nacidos en América;455
BALEARS, ILLES;Españoles;Nacidos en Asia;34
BALEARS, ILLES;Españoles;Nacidos en Oceanía;0
BALEARS, ILLES;Extranjeros;Total;5.664
BALEARS, ILLES;Extranjeros;Nacidos en España;193
BALEARS, ILLES;Extranjeros;Nacidos en la UE27_2020;2.449
BALEARS, ILLES;Extranjeros;Nacidos en el resto de Europa;613
BALEARS, ILLES;Extranjeros;Nacidos en África;598
BALEARS, ILLES;Extranjeros;Nacidos en América;1.550
BALEARS, ILLES;Extranjeros;Nacidos en Asia;255
BALEARS, ILLES;Extranjeros;Nacidos en Oceanía;6
CANARIAS;Total;Total;10.189
CANARIAS;Total;Nacidos en España;1.514
CANARIAS;Total;Nacidos en la UE27_2020;3.265
CANARIAS;Total;Nacidos en el resto de Europa;998
CANARIAS;Total;Nacidos en África;981
CANARIAS;Total;Nacidos en América;3.062
CANARIAS;Total;Nacidos en Asia;358
CANARIAS;Total;Nacidos en Oceanía;11
CANARIAS;Españoles;Total;2.840
CANARIAS;Españoles;Nacidos en España;1.314
CANARIAS;Españoles;Nacidos en la UE27_2020;42
CANARIAS;Españoles;Nacidos en el resto de Europa;42
CANARIAS;Españoles;Nacidos en África;196
CANARIAS;Españoles;Nacidos en América;1.193
CANARIAS;Españoles;Nacidos en Asia;53
CANARIAS;Españoles;Nacidos en Oceanía;0
CANARIAS;Extranjeros;Total;7.349
CANARIAS;Extranjeros;Nacidos en España;200
CANARIAS;Extranjeros;Nacidos en la UE27_2020;3.223
CANARIAS;Extranjeros;Nacidos en el resto de Europa;956
CANARIAS;Extranjeros;Nacidos en África;785
CANARIAS;Extranjeros;Nacidos en América;1.869
CANARIAS;Extranjeros;Nacidos en Asia;305
CANARIAS;Extranjeros;Nacidos en Oceanía;11
Palmas, Las;Total;Total;5.804
Palmas, Las;Total;Nacidos en España;830
Palmas, Las;Total;Nacidos en la UE27_2020;2.086
Palmas, Las;Total;Nacidos en el resto de Europa;621
Palmas, Las;Total;Nacidos en África;729
Palmas, Las;Total;Nacidos en América;1.305
Palmas, Las;Total;Nacidos en Asia;225
Palmas, Las;Total;Nacidos en Oceanía;8
Palmas, Las;Españoles;Total;1.335
Palmas, Las;Españoles;Nacidos en España;697
Palmas, Las;Españoles;Nacidos en la UE27_2020;22
Palmas, Las;Españoles;Nacidos en el resto de Europa;18
Palmas, Las;Españoles;Nacidos en África;126
Palmas, Las;Españoles;Nacidos en América;449
Palmas, Las;Españoles;Nacidos en Asia;23
Palmas, Las;Españoles;Nacidos en Oceanía;0
Palmas, Las;Extranjeros;Total;4.469
Palmas, Las;Extranjeros;Nacidos en España;133
Palmas, Las;Extranjeros;Nacidos en la UE27_2020;2.064
Palmas, Las;Extranjeros;Nacidos en el resto de Europa;603
Palmas, Las;Extranjeros;Nacidos en África;603
Palmas, Las;Extranjeros;Nacidos en América;856
Palmas, Las;Extranjeros;Nacidos en Asia;202
Palmas, Las;Extranjeros;Nacidos en Oceanía;8
Santa Cruz de Tenerife;Total;Total;4.385
Santa Cruz de Tenerife;Total;Nacidos en España;684
Santa Cruz de Tenerife;Total;Nacidos en la UE27_2020;1.179
Santa Cruz de Tenerife;Total;Nacidos en el resto de Europa;377
Santa Cruz de Tenerife;Total;Nacidos en África;252
Santa Cruz de Tenerife;Total;Nacidos en América;1.757
Santa Cruz de Tenerife;Total;Nacidos en Asia;133
Santa Cruz de Tenerife;Total;Nacidos en Oceanía;3
Santa Cruz de Tenerife;Españoles;Total;1.505
Santa Cruz de Tenerife;Españoles;Nacidos en España;617
Santa Cruz de Tenerife;Españoles;Nacidos en la UE27_2020;20
Santa Cruz de Tenerife;Españoles;Nacidos en el resto de Europa;24
Santa Cruz de Tenerife;Españoles;Nacidos en África;70
Santa Cruz de Tenerife;Españoles;Nacidos en América;744
Santa Cruz de Tenerife;Españoles;Nacidos en Asia;30
Santa Cruz de Tenerife;Españoles;Nacidos en Oceanía;0
Santa Cruz de Tenerife;Extranjeros;Total;2.880
Santa Cruz de Tenerife;Extranjeros;Nacidos en España;67
Santa Cruz de Tenerife;Extranjeros;Nacidos en la UE27_2020;1.159
Santa Cruz de Tenerife;Extranjeros;Nacidos en el resto de Europa;353
Santa Cruz de Tenerife;Extranjeros;Nacidos en África;182
Santa Cruz de Tenerife;Extranjeros;Nacidos en América;1.013
Santa Cruz de Tenerife;Extranjeros;Nacidos en Asia;103
Santa Cruz de Tenerife;Extranjeros;Nacidos en Oceanía;3
CANTABRIA;Total;Total;1.518
CANTABRIA;Total;Nacidos en España;377
CANTABRIA;Total;Nacidos en la UE27_2020;254
CANTABRIA;Total;Nacidos en el resto de Europa;127
CANTABRIA;Total;Nacidos en África;141
CANTABRIA;Total;Nacidos en América;567
CANTABRIA;Total;Nacidos en Asia;51
CANTABRIA;Total;Nacidos en Oceanía;1
CANTABRIA;Españoles;Total;506
CANTABRIA;Españoles;Nacidos en España;342
CANTABRIA;Españoles;Nacidos en la UE27_2020;5
CANTABRIA;Españoles;Nacidos en el resto de Europa;18
CANTABRIA;Españoles;Nacidos en África;16
CANTABRIA;Españoles;Nacidos en América;117
CANTABRIA;Españoles;Nacidos en Asia;8
CANTABRIA;Españoles;Nacidos en Oceanía;0
CANTABRIA;Extranjeros;Total;1.012
CANTABRIA;Extranjeros;Nacidos en España;35
CANTABRIA;Extranjeros;Nacidos en la UE27_2020;249
CANTABRIA;Extranjeros;Nacidos en el resto de Europa;109
CANTABRIA;Extranjeros;Nacidos en África;125
CANTABRIA;Extranjeros;Nacidos en América;450
CANTABRIA;Extranjeros;Nacidos en Asia;43
CANTABRIA;Extranjeros;Nacidos en Oceanía;1
CASTILLA Y LEÓN;Total;Total;6.915
CASTILLA Y LEÓN;Total;Nacidos en España;1.478
CASTILLA Y LEÓN;Total;Nacidos en la UE27_2020;2.027
CASTILLA Y LEÓN;Total;Nacidos en el resto de Europa;200
CASTILLA Y LEÓN;Total;Nacidos en África;744
CASTILLA Y LEÓN;Total;Nacidos en América;2.079
CASTILLA Y LEÓN;Total;Nacidos en Asia;377
CASTILLA Y LEÓN;Total;Nacidos en Oceanía;10
CASTILLA Y LEÓN;Españoles;Total;1.830
CASTILLA Y LEÓN;Españoles;Nacidos en España;1.262
CASTILLA Y LEÓN;Españoles;Nacidos en la UE27_2020;32
CASTILLA Y LEÓN;Españoles;Nacidos en el resto de Europa;23
CASTILLA Y LEÓN;Españoles;Nacidos en África;123
CASTILLA Y LEÓN;Españoles;Nacidos en América;357
CASTILLA Y LEÓN;Españoles;Nacidos en Asia;33
CASTILLA Y LEÓN;Españoles;Nacidos en Oceanía;0
CASTILLA Y LEÓN;Extranjeros;Total;5.085
CASTILLA Y LEÓN;Extranjeros;Nacidos en España;216
CASTILLA Y LEÓN;Extranjeros;Nacidos en la UE27_2020;1.995
CASTILLA Y LEÓN;Extranjeros;Nacidos en el resto de Europa;177
CASTILLA Y LEÓN;Extranjeros;Nacidos en África;621
CASTILLA Y LEÓN;Extranjeros;Nacidos en América;1.722
CASTILLA Y LEÓN;Extranjeros;Nacidos en Asia;344
CASTILLA Y LEÓN;Extranjeros;Nacidos en Oceanía;10
Ávila;Total;Total;400
Ávila;Total;Nacidos en España;94
Ávila;Total;Nacidos en la UE27_2020;44
Ávila;Total;Nacidos en el resto de Europa;5
Ávila;Total;Nacidos en África;75
Ávila;Total;Nacidos en América;150
Ávila;Total;Nacidos en Asia;30
Ávila;Total;Nacidos en Oceanía;2
Ávila;Españoles;Total;118
Ávila;Españoles;Nacidos en España;78
Ávila;Españoles;Nacidos en la UE27_2020;3
Ávila;Españoles;Nacidos en el resto de Europa;0
Ávila;Españoles;Nacidos en África;17
Ávila;Españoles;Nacidos en América;20
Ávila;Españoles;Nacidos en Asia;0
Ávila;Españoles;Nacidos en Oceanía;0
Ávila;Extranjeros;Total;282
Ávila;Extranjeros;Nacidos en España;16
Ávila;Extranjeros;Nacidos en la UE27_2020;41
Ávila;Extranjeros;Nacidos en el resto de Europa;5
Ávila;Extranjeros;Nacidos en África;58
Ávila;Extranjeros;Nacidos en América;130
Ávila;Extranjeros;Nacidos en Asia;30
Ávila;Extranjeros;Nacidos en Oceanía;2
Burgos;Total;Total;1.349
Burgos;Total;Nacidos en España;269
Burgos;Total;Nacidos en la UE27_2020;543
Burgos;Total;Nacidos en el resto de Europa;40
Burgos;Total;Nacidos en África;132
Burgos;Total;Nacidos en América;316
Burgos;Total;Nacidos en Asia;46
Burgos;Total;Nacidos en Oceanía;3
Burgos;Españoles;Total;328
Burgos;Españoles;Nacidos en España;210
Burgos;Españoles;Nacidos en la UE27_2020;7
Burgos;Españoles;Nacidos en el resto de Europa;1
Burgos;Españoles;Nacidos en África;31
Burgos;Españoles;Nacidos en América;69
Burgos;Españoles;Nacidos en Asia;10
Burgos;Españoles;Nacidos en Oceanía;0
Burgos;Extranjeros;Total;1.021
Burgos;Extranjeros;Nacidos en España;59
Burgos;Extranjeros;Nacidos en la UE27_2020;536
Burgos;Extranjeros;Nacidos en el resto de Europa;39
Burgos;Extranjeros;Nacidos en África;101
Burgos;Extranjeros;Nacidos en América;247
Burgos;Extranjeros;Nacidos en Asia;36
Burgos;Extranjeros;Nacidos en Oceanía;3
León;Total;Total;873
León;Total;Nacidos en España;273
León;Total;Nacidos en la UE27_2020;101
León;Total;Nacidos en el resto de Europa;39
León;Total;Nacidos en África;94
León;Total;Nacidos en América;296
León;Total;Nacidos en Asia;69
León;Total;Nacidos en Oceanía;1
León;Españoles;Total;381
León;Españoles;Nacidos en España;262
León;Españoles;Nacidos en la UE27_2020;8
León;Españoles;Nacidos en el resto de Europa;7
León;Españoles;Nacidos en África;14
León;Españoles;Nacidos en América;77
León;Españoles;Nacidos en Asia;13
León;Españoles;Nacidos en Oceanía;0
León;Extranjeros;Total;492
León;Extranjeros;Nacidos en España;11
León;Extranjeros;Nacidos en la UE27_2020;93
León;Extranjeros;Nacidos en el resto de Europa;32
León;Extranjeros;Nacidos en África;80
León;Extranjeros;Nacidos en América;219
León;Extranjeros;Nacidos en Asia;56
León;Extranjeros;Nacidos en Oceanía;1
Palencia;Total;Total;321
Palencia;Total;Nacidos en España;69
Palencia;Total;Nacidos en la UE27_2020;50
Palencia;Total;Nacidos en el resto de Europa;3
Palencia;Total;Nacidos en África;42
Palencia;Total;Nacidos en América;140
Palencia;Total;Nacidos en Asia;16
Palencia;Total;Nacidos en Oceanía;1
Palencia;Españoles;Total;80
Palencia;Españoles;Nacidos en España;61
Palencia;Españoles;Nacidos en la UE27_2020;1
Palencia;Españoles;Nacidos en el resto de Europa;0
Palencia;Españoles;Nacidos en África;6
Palencia;Españoles;Nacidos en América;12
Palencia;Españoles;Nacidos en Asia;0
Palencia;Españoles;Nacidos en Oceanía;0
Palencia;Extranjeros;Total;241
Palencia;Extranjeros;Nacidos en España;8
Palencia;Extranjeros;Nacidos en la UE27_2020;49
Palencia;Extranjeros;Nacidos en el resto de Europa;3
Palencia;Extranjeros;Nacidos en África;36
Palencia;Extranjeros;Nacidos en América;128
Palencia;Extranjeros;Nacidos en Asia;16
Palencia;Extranjeros;Nacidos en Oceanía;1
Salamanca;Total;Total;1.243
Salamanca;Total;Nacidos en España;170
Salamanca;Total;Nacidos en la UE27_2020;249
Salamanca;Total;Nacidos en el resto de Europa;32
Salamanca;Total;Nacidos en África;146
Salamanca;Total;Nacidos en América;535
Salamanca;Total;Nacidos en Asia;110
Salamanca;Total;Nacidos en Oceanía;1
Salamanca;Españoles;Total;214
Salamanca;Españoles;Nacidos en España;150
Salamanca;Españoles;Nacidos en la UE27_2020;10
Salamanca;Españoles;Nacidos en el resto de Europa;4
Salamanca;Españoles;Nacidos en África;11
Salamanca;Españoles;Nacidos en América;37
Salamanca;Españoles;Nacidos en Asia;2
Salamanca;Españoles;Nacidos en Oceanía;0
Salamanca;Extranjeros;Total;1.029
Salamanca;Extranjeros;Nacidos en España;20
Salamanca;Extranjeros;Nacidos en la UE27_2020;239
Salamanca;Extranjeros;Nacidos en el resto de Europa;28
Salamanca;Extranjeros;Nacidos en África;135
Salamanca;Extranjeros;Nacidos en América;498
Salamanca;Extranjeros;Nacidos en Asia;108
Salamanca;Extranjeros;Nacidos en Oceanía;1
Segovia;Total;Total;845
Segovia;Total;Nacidos en España;149
Segovia;Total;Nacidos en la UE27_2020;424
Segovia;Total;Nacidos en el resto de Europa;37
Segovia;Total;Nacidos en África;74
Segovia;Total;Nacidos en América;144
Segovia;Total;Nacidos en Asia;16
Segovia;Total;Nacidos en Oceanía;1
Segovia;Españoles;Total;152
Segovia;Españoles;Nacidos en España;102
Segovia;Españoles;Nacidos en la UE27_2020;0
Segovia;Españoles;Nacidos en el resto de Europa;4
Segovia;Españoles;Nacidos en África;17
Segovia;Españoles;Nacidos en América;29
Segovia;Españoles;Nacidos en Asia;0
Segovia;Españoles;Nacidos en Oceanía;0
Segovia;Extranjeros;Total;693
Segovia;Extranjeros;Nacidos en España;47
Segovia;Extranjeros;Nacidos en la UE27_2020;424
Segovia;Extranjeros;Nacidos en el resto de Europa;33
Segovia;Extranjeros;Nacidos en África;57
Segovia;Extranjeros;Nacidos en América;115
Segovia;Extranjeros;Nacidos en Asia;16
Segovia;Extranjeros;Nacidos en Oceanía;1
Soria;Total;Total;389
Soria;Total;Nacidos en España;65
Soria;Total;Nacidos en la UE27_2020;148
Soria;Total;Nacidos en el resto de Europa;17
Soria;Total;Nacidos en África;51
Soria;Total;Nacidos en América;89
Soria;Total;Nacidos en Asia;19
Soria;Total;Nacidos en Oceanía;0
Soria;Españoles;Total;95
Soria;Españoles;Nacidos en España;53
Soria;Españoles;Nacidos en la UE27_2020;0
Soria;Españoles;Nacidos en el resto de Europa;0
Soria;Españoles;Nacidos en África;18
Soria;Españoles;Nacidos en América;23
Soria;Españoles;Nacidos en Asia;1
Soria;Españoles;Nacidos en Oceanía;0
Soria;Extranjeros;Total;294
Soria;Extranjeros;Nacidos en España;12
Soria;Extranjeros;Nacidos en la UE27_2020;148
Soria;Extranjeros;Nacidos en el resto de Europa;17
Soria;Extranjeros;Nacidos en África;33
Soria;Extranjeros;Nacidos en América;66
Soria;Extranjeros;Nacidos en Asia;18
Soria;Extranjeros;Nacidos en Oceanía;0
Valladolid;Total;Total;1.144
Valladolid;Total;Nacidos en España;302
Valladolid;Total;Nacidos en la UE27_2020;311
Valladolid;Total;Nacidos en el resto de Europa;17
Valladolid;Total;Nacidos en África;107
Valladolid;Total;Nacidos en América;343
Valladolid;Total;Nacidos en Asia;63
Valladolid;Total;Nacidos en Oceanía;1
Valladolid;Españoles;Total;358
Valladolid;Españoles;Nacidos en España;270
Valladolid;Españoles;Nacidos en la UE27_2020;2
Valladolid;Españoles;Nacidos en el resto de Europa;5
Valladolid;Españoles;Nacidos en África;5
Valladolid;Españoles;Nacidos en América;74
Valladolid;Españoles;Nacidos en Asia;2
Valladolid;Españoles;Nacidos en Oceanía;0
Valladolid;Extranjeros;Total;786
Valladolid;Extranjeros;Nacidos en España;32
Valladolid;Extranjeros;Nacidos en la UE27_2020;309
Valladolid;Extranjeros;Nacidos en el resto de Europa;12
Valladolid;Extranjeros;Nacidos en África;102
Valladolid;Extranjeros;Nacidos en América;269
Valladolid;Extranjeros;Nacidos en Asia;61
Valladolid;Extranjeros;Nacidos en Oceanía;1
Zamora;Total;Total;351
Zamora;Total;Nacidos en España;87
Zamora;Total;Nacidos en la UE27_2020;157
Zamora;Total;Nacidos en el resto de Europa;10
Zamora;Total;Nacidos en África;23
Zamora;Total;Nacidos en América;66
Zamora;Total;Nacidos en Asia;8
Zamora;Total;Nacidos en Oceanía;0
Zamora;Españoles;Total;104
Zamora;Españoles;Nacidos en España;76
Zamora;Españoles;Nacidos en la UE27_2020;1
Zamora;Españoles;Nacidos en el resto de Europa;2
Zamora;Españoles;Nacidos en África;4
Zamora;Españoles;Nacidos en América;16
Zamora;Españoles;Nacidos en Asia;5
Zamora;Españoles;Nacidos en Oceanía;0
Zamora;Extranjeros;Total;247
Zamora;Extranjeros;Nacidos en España;11
Zamora;Extranjeros;Nacidos en la UE27_2020;156
Zamora;Extranjeros;Nacidos en el resto de Europa;8
Zamora;Extranjeros;Nacidos en África;19
Zamora;Extranjeros;Nacidos en América;50
Zamora;Extranjeros;Nacidos en Asia;3
Zamora;Extranjeros;Nacidos en Oceanía;0
CASTILLA-LA MANCHA;Total;Total;8.076
CASTILLA-LA MANCHA;Total;Nacidos en España;1.369
CASTILLA-LA MANCHA;Total;Nacidos en la UE27_2020;2.729
CASTILLA-LA MANCHA;Total;Nacidos en el resto de Europa;233
CASTILLA-LA MANCHA;Total;Nacidos en África;1.242
CASTILLA-LA MANCHA;Total;Nacidos en América;2.142
CASTILLA-LA MANCHA;Total;Nacidos en Asia;355
CASTILLA-LA MANCHA;Total;Nacidos en Oceanía;6
CASTILLA-LA MANCHA;Españoles;Total;1.628
CASTILLA-LA MANCHA;Españoles;Nacidos en España;1.045
CASTILLA-LA MANCHA;Españoles;Nacidos en la UE27_2020;25
CASTILLA-LA MANCHA;Españoles;Nacidos en el resto de Europa;18
CASTILLA-LA MANCHA;Españoles;Nacidos en África;158
CASTILLA-LA MANCHA;Españoles;Nacidos en América;351
CASTILLA-LA MANCHA;Españoles;Nacidos en Asia;28
CASTILLA-LA MANCHA;Españoles;Nacidos en Oceanía;3
CASTILLA-LA MANCHA;Extranjeros;Total;6.448
CASTILLA-LA MANCHA;Extranjeros;Nacidos en España;324
CASTILLA-LA MANCHA;Extranjeros;Nacidos en la UE27_2020;2.704
CASTILLA-LA MANCHA;Extranjeros;Nacidos en el resto de Europa;215
CASTILLA-LA MANCHA;Extranjeros;Nacidos en África;1.084
CASTILLA-LA MANCHA;Extranjeros;Nacidos en América;1.791
CASTILLA-LA MANCHA;Extranjeros;Nacidos en Asia;327
CASTILLA-LA MANCHA;Extranjeros;Nacidos en Oceanía;3
Albacete;Total;Total;1.236
Albacete;Total;Nacidos en España;214
Albacete;Total;Nacidos en la UE27_2020;272
Albacete;Total;Nacidos en el resto de Europa;36
Albacete;Total;Nacidos en África;327
Albacete;Total;Nacidos en América;347
Albacete;Total;Nacidos en Asia;40
Albacete;Total;Nacidos en Oceanía;0
Albacete;Españoles;Total;254
Albacete;Españoles;Nacidos en España;167
Albacete;Españoles;Nacidos en la UE27_2020;1
Albacete;Españoles;Nacidos en el resto de Europa;0
Albacete;Españoles;Nacidos en África;26
Albacete;Españoles;Nacidos en América;57
Albacete;Españoles;Nacidos en Asia;3
Albacete;Españoles;Nacidos en Oceanía;0
Albacete;Extranjeros;Total;982
Albacete;Extranjeros;Nacidos en España;47
Albacete;Extranjeros;Nacidos en la UE27_2020;271
Albacete;Extranjeros;Nacidos en el resto de Europa;36
Albacete;Extranjeros;Nacidos en África;301
Albacete;Extranjeros;Nacidos en América;290
Albacete;Extranjeros;Nacidos en Asia;37
Albacete;Extranjeros;Nacidos en Oceanía;0
Ciudad Real;Total;Total;1.591
Ciudad Real;Total;Nacidos en España;301
Ciudad Real;Total;Nacidos en la UE27_2020;714
Ciudad Real;Total;Nacidos en el resto de Europa;40
Ciudad Real;Total;Nacidos en África;142
Ciudad Real;Total;Nacidos en América;333
Ciudad Real;Total;Nacidos en Asia;61
Ciudad Real;Total;Nacidos en Oceanía;0
Ciudad Real;Españoles;Total;325
Ciudad Real;Españoles;Nacidos en España;235
Ciudad Real;Españoles;Nacidos en la UE27_2020;9
Ciudad Real;Españoles;Nacidos en el resto de Europa;2
Ciudad Real;Españoles;Nacidos en África;14
Ciudad Real;Españoles;Nacidos en América;61
Ciudad Real;Españoles;Nacidos en Asia;4
Ciudad Real;Españoles;Nacidos en Oceanía;0
Ciudad Real;Extranjeros;Total;1.266
Ciudad Real;Extranjeros;Nacidos en España;66
Ciudad Real;Extranjeros;Nacidos en la UE27_2020;705
Ciudad Real;Extranjeros;Nacidos en el resto de Europa;38
Ciudad Real;Extranjeros;Nacidos en África;128
Ciudad Real;Extranjeros;Nacidos en América;272
Ciudad Real;Extranjeros;Nacidos en Asia;57
Ciudad Real;Extranjeros;Nacidos en Oceanía;0
Cuenca;Total;Total;572
Cuenca;Total;Nacidos en España;90
Cuenca;Total;Nacidos en la UE27_2020;271
Cuenca;Total;Nacidos en el resto de Europa;29
Cuenca;Total;Nacidos en África;50
Cuenca;Total;Nacidos en América;113
Cuenca;Total;Nacidos en Asia;18
Cuenca;Total;Nacidos en Oceanía;1
Cuenca;Españoles;Total;114
Cuenca;Españoles;Nacidos en España;75
Cuenca;Españoles;Nacidos en la UE27_2020;0
Cuenca;Españoles;Nacidos en el resto de Europa;5
Cuenca;Españoles;Nacidos en África;5
Cuenca;Españoles;Nacidos en América;26
Cuenca;Españoles;Nacidos en Asia;3
Cuenca;Españoles;Nacidos en Oceanía;0
Cuenca;Extranjeros;Total;458
Cuenca;Extranjeros;Nacidos en España;15
Cuenca;Extranjeros;Nacidos en la UE27_2020;271
Cuenca;Extranjeros;Nacidos en el resto de Europa;24
Cuenca;Extranjeros;Nacidos en África;45
Cuenca;Extranjeros;Nacidos en América;87
Cuenca;Extranjeros;Nacidos en Asia;15
Cuenca;Extranjeros;Nacidos en Oceanía;1
Guadalajara;Total;Total;1.269
Guadalajara;Total;Nacidos en España;217
Guadalajara;Total;Nacidos en la UE27_2020;337
Guadalajara;Total;Nacidos en el resto de Europa;28
Guadalajara;Total;Nacidos en África;282
Guadalajara;Total;Nacidos en América;365
Guadalajara;Total;Nacidos en Asia;39
Guadalajara;Total;Nacidos en Oceanía;1
Guadalajara;Españoles;Total;283
Guadalajara;Españoles;Nacidos en España;162
Guadalajara;Españoles;Nacidos en la UE27_2020;7
Guadalajara;Españoles;Nacidos en el resto de Europa;0
Guadalajara;Españoles;Nacidos en África;36
Guadalajara;Españoles;Nacidos en América;75
Guadalajara;Españoles;Nacidos en Asia;2
Guadalajara;Españoles;Nacidos en Oceanía;1
Guadalajara;Extranjeros;Total;986
Guadalajara;Extranjeros;Nacidos en España;55
Guadalajara;Extranjeros;Nacidos en la UE27_2020;330
Guadalajara;Extranjeros;Nacidos en el resto de Europa;28
Guadalajara;Extranjeros;Nacidos en África;246
Guadalajara;Extranjeros;Nacidos en América;290
Guadalajara;Extranjeros;Nacidos en Asia;37
Guadalajara;Extranjeros;Nacidos en Oceanía;0
Toledo;Total;Total;3.408
Toledo;Total;Nacidos en España;547
Toledo;Total;Nacidos en la UE27_2020;1.135
Toledo;Total;Nacidos en el resto de Europa;100
Toledo;Total;Nacidos en África;441
Toledo;Total;Nacidos en América;984
Toledo;Total;Nacidos en Asia;197
Toledo;Total;Nacidos en Oceanía;4
Toledo;Españoles;Total;652
Toledo;Españoles;Nacidos en España;406
Toledo;Españoles;Nacidos en la UE27_2020;8
Toledo;Españoles;Nacidos en el resto de Europa;11
Toledo;Españoles;Nacidos en África;77
Toledo;Españoles;Nacidos en América;132
Toledo;Españoles;Nacidos en Asia;16
Toledo;Españoles;Nacidos en Oceanía;2
Toledo;Extranjeros;Total;2.756
Toledo;Extranjeros;Nacidos en España;141
Toledo;Extranjeros;Nacidos en la UE27_2020;1.127
Toledo;Extranjeros;Nacidos en el resto de Europa;89
Toledo;Extranjeros;Nacidos en África;364
Toledo;Extranjeros;Nacidos en América;852
Toledo;Extranjeros;Nacidos en Asia;181
Toledo;Extranjeros;Nacidos en Oceanía;2
CATALUÑA;Total;Total;62.236
CATALUÑA;Total;Nacidos en España;7.944
CATALUÑA;Total;Nacidos en la UE27_2020;13.583
CATALUÑA;Total;Nacidos en el resto de Europa;5.201
CATALUÑA;Total;Nacidos en África;11.418
CATALUÑA;Total;Nacidos en América;16.956
CATALUÑA;Total;Nacidos en Asia;7.029
CATALUÑA;Total;Nacidos en Oceanía;105
CATALUÑA;Españoles;Total;9.928
CATALUÑA;Españoles;Nacidos en España;6.033
CATALUÑA;Españoles;Nacidos en la UE27_2020;185
CATALUÑA;Españoles;Nacidos en el resto de Europa;139
CATALUÑA;Españoles;Nacidos en África;1.105
CATALUÑA;Españoles;Nacidos en América;1.963
CATALUÑA;Españoles;Nacidos en Asia;492
CATALUÑA;Españoles;Nacidos en Oceanía;11
CATALUÑA;Extranjeros;Total;52.308
CATALUÑA;Extranjeros;Nacidos en España;1.911
CATALUÑA;Extranjeros;Nacidos en la UE27_2020;13.398
CATALUÑA;Extranjeros;Nacidos en el resto de Europa;5.062
CATALUÑA;Extranjeros;Nacidos en África;10.313
CATALUÑA;Extranjeros;Nacidos en América;14.993
CATALUÑA;Extranjeros;Nacidos en Asia;6.537
CATALUÑA;Extranjeros;Nacidos en Oceanía;94
Barcelona;Total;Total;43.109
Barcelona;Total;Nacidos en España;5.563
Barcelona;Total;Nacidos en la UE27_2020;7.870
Barcelona;Total;Nacidos en el resto de Europa;2.953
Barcelona;Total;Nacidos en África;6.754
Barcelona;Total;Nacidos en América;13.771
Barcelona;Total;Nacidos en Asia;6.106
Barcelona;Total;Nacidos en Oceanía;92
Barcelona;Españoles;Total;7.176
Barcelona;Españoles;Nacidos en España;4.360
Barcelona;Españoles;Nacidos en la UE27_2020;129
Barcelona;Españoles;Nacidos en el resto de Europa;102
Barcelona;Españoles;Nacidos en África;598
Barcelona;Españoles;Nacidos en América;1.534
Barcelona;Españoles;Nacidos en Asia;442
Barcelona;Españoles;Nacidos en Oceanía;11
Barcelona;Extranjeros;Total;35.933
Barcelona;Extranjeros;Nacidos en España;1.203
Barcelona;Extranjeros;Nacidos en la UE27_2020;7.741
Barcelona;Extranjeros;Nacidos en el resto de Europa;2.851
Barcelona;Extranjeros;Nacidos en África;6.156
Barcelona;Extranjeros;Nacidos en América;12.237
Barcelona;Extranjeros;Nacidos en Asia;5.664
Barcelona;Extranjeros;Nacidos en Oceanía;81
Girona;Total;Total;8.745
Girona;Total;Nacidos en España;1.052
Girona;Total;Nacidos en la UE27_2020;2.115
Girona;Total;Nacidos en el resto de Europa;1.538
Girona;Total;Nacidos en África;2.172
Girona;Total;Nacidos en América;1.460
Girona;Total;Nacidos en Asia;400
Girona;Total;Nacidos en Oceanía;8
Girona;Españoles;Total;1.201
Girona;Españoles;Nacidos en España;721
Girona;Españoles;Nacidos en la UE27_2020;28
Girona;Españoles;Nacidos en el resto de Europa;13
Girona;Españoles;Nacidos en África;231
Girona;Españoles;Nacidos en América;183
Girona;Españoles;Nacidos en Asia;25
Girona;Españoles;Nacidos en Oceanía;0
Girona;Extranjeros;Total;7.544
Girona;Extranjeros;Nacidos en España;331
Girona;Extranjeros;Nacidos en la UE27_2020;2.087
Girona;Extranjeros;Nacidos en el resto de Europa;1.525
Girona;Extranjeros;Nacidos en África;1.941
Girona;Extranjeros;Nacidos en América;1.277
Girona;Extranjeros;Nacidos en Asia;375
Girona;Extranjeros;Nacidos en Oceanía;8
Lleida;Total;Total;4.332
Lleida;Total;Nacidos en España;498
Lleida;Total;Nacidos en la UE27_2020;1.984
Lleida;Total;Nacidos en el resto de Europa;172
Lleida;Total;Nacidos en África;1.055
Lleida;Total;Nacidos en América;516
Lleida;Total;Nacidos en Asia;106
Lleida;Total;Nacidos en Oceanía;1
Lleida;Españoles;Total;545
Lleida;Españoles;Nacidos en España;331
Lleida;Españoles;Nacidos en la UE27_2020;6
Lleida;Españoles;Nacidos en el resto de Europa;12
Lleida;Españoles;Nacidos en África;112
Lleida;Españoles;Nacidos en América;80
Lleida;Españoles;Nacidos en Asia;4
Lleida;Españoles;Nacidos en Oceanía;0
Lleida;Extranjeros;Total;3.787
Lleida;Extranjeros;Nacidos en España;167
Lleida;Extranjeros;Nacidos en la UE27_2020;1.978
Lleida;Extranjeros;Nacidos en el resto de Europa;160
Lleida;Extranjeros;Nacidos en África;943
Lleida;Extranjeros;Nacidos en América;436
Lleida;Extranjeros;Nacidos en Asia;102
Lleida;Extranjeros;Nacidos en Oceanía;1
Tarragona;Total;Total;6.050
Tarragona;Total;Nacidos en España;831
Tarragona;Total;Nacidos en la UE27_2020;1.614
Tarragona;Total;Nacidos en el resto de Europa;538
Tarragona;Total;Nacidos en África;1.437
Tarragona;Total;Nacidos en América;1.209
Tarragona;Total;Nacidos en Asia;417
Tarragona;Total;Nacidos en Oceanía;4
Tarragona;Españoles;Total;1.006
Tarragona;Españoles;Nacidos en España;621
Tarragona;Españoles;Nacidos en la UE27_2020;22
Tarragona;Españoles;Nacidos en el resto de Europa;12
Tarragona;Españoles;Nacidos en África;164
Tarragona;Españoles;Nacidos en América;166
Tarragona;Españoles;Nacidos en Asia;21
Tarragona;Españoles;Nacidos en Oceanía;0
Tarragona;Extranjeros;Total;5.044
Tarragona;Extranjeros;Nacidos en España;210
Tarragona;Extranjeros;Nacidos en la UE27_2020;1.592
Tarragona;Extranjeros;Nacidos en el resto de Europa;526
Tarragona;Extranjeros;Nacidos en África;1.273
Tarragona;Extranjeros;Nacidos en América;1.043
Tarragona;Extranjeros;Nacidos en Asia;396
Tarragona;Extranjeros;Nacidos en Oceanía;4
COMUNITAT VALENCIANA;Total;Total;39.257
COMUNITAT VALENCIANA;Total;Nacidos en España;4.602
COMUNITAT VALENCIANA;Total;Nacidos en la UE27_2020;11.481
COMUNITAT VALENCIANA;Total;Nacidos en el resto de Europa;8.544
COMUNITAT VALENCIANA;Total;Nacidos en África;5.592
COMUNITAT VALENCIANA;Total;Nacidos en América;6.753
COMUNITAT VALENCIANA;Total;Nacidos en Asia;2.237
COMUNITAT VALENCIANA;Total;Nacidos en Oceanía;48
COMUNITAT VALENCIANA;Españoles;Total;5.402
COMUNITAT VALENCIANA;Españoles;Nacidos en España;3.316
COMUNITAT VALENCIANA;Españoles;Nacidos en la UE27_2020;137
COMUNITAT VALENCIANA;Españoles;Nacidos en el resto de Europa;82
COMUNITAT VALENCIANA;Españoles;Nacidos en África;484
COMUNITAT VALENCIANA;Españoles;Nacidos en América;1.245
COMUNITAT VALENCIANA;Españoles;Nacidos en Asia;130
COMUNITAT VALENCIANA;Españoles;Nacidos en Oceanía;8
COMUNITAT VALENCIANA;Extranjeros;Total;33.855
COMUNITAT VALENCIANA;Extranjeros;Nacidos en España;1.286
COMUNITAT VALENCIANA;Extranjeros;Nacidos en la UE27_2020;11.344
COMUNITAT VALENCIANA;Extranjeros;Nacidos en el resto de Europa;8.462
COMUNITAT VALENCIANA;Extranjeros;Nacidos en África;5.108
COMUNITAT VALENCIANA;Extranjeros;Nacidos en América;5.508
COMUNITAT VALENCIANA;Extranjeros;Nacidos en Asia;2.107
COMUNITAT VALENCIANA;Extranjeros;Nacidos en Oceanía;40
Alicante/Alacant;Total;Total;21.322
Alicante/Alacant;Total;Nacidos en España;1.825
Alicante/Alacant;Total;Nacidos en la UE27_2020;5.224
Alicante/Alacant;Total;Nacidos en el resto de Europa;7.382
Alicante/Alacant;Total;Nacidos en África;3.025
Alicante/Alacant;Total;Nacidos en América;2.776
Alicante/Alacant;Total;Nacidos en Asia;1.059
Alicante/Alacant;Total;Nacidos en Oceanía;31
Alicante/Alacant;Españoles;Total;2.155
Alicante/Alacant;Españoles;Nacidos en España;1.267
Alicante/Alacant;Españoles;Nacidos en la UE27_2020;60
Alicante/Alacant;Españoles;Nacidos en el resto de Europa;31
Alicante/Alacant;Españoles;Nacidos en África;189
Alicante/Alacant;Españoles;Nacidos en América;551
Alicante/Alacant;Españoles;Nacidos en Asia;54
Alicante/Alacant;Españoles;Nacidos en Oceanía;3
Alicante/Alacant;Extranjeros;Total;19.167
Alicante/Alacant;Extranjeros;Nacidos en España;558
Alicante/Alacant;Extranjeros;Nacidos en la UE27_2020;5.164
Alicante/Alacant;Extranjeros;Nacidos en el resto de Europa;7.351
Alicante/Alacant;Extranjeros;Nacidos en África;2.836
Alicante/Alacant;Extranjeros;Nacidos en América;2.225
Alicante/Alacant;Extranjeros;Nacidos en Asia;1.005
Alicante/Alacant;Extranjeros;Nacidos en Oceanía;28
Castellón/Castelló;Total;Total;4.657
Castellón/Castelló;Total;Nacidos en España;610
Castellón/Castelló;Total;Nacidos en la UE27_2020;1.988
Castellón/Castelló;Total;Nacidos en el resto de Europa;242
Castellón/Castelló;Total;Nacidos en África;823
Castellón/Castelló;Total;Nacidos en América;755
Castellón/Castelló;Total;Nacidos en Asia;237
Castellón/Castelló;Total;Nacidos en Oceanía;2
Castellón/Castelló;Españoles;Total;538
Castellón/Castelló;Españoles;Nacidos en España;351
Castellón/Castelló;Españoles;Nacidos en la UE27_2020;15
Castellón/Castelló;Españoles;Nacidos en el resto de Europa;8
Castellón/Castelló;Españoles;Nacidos en África;90
Castellón/Castelló;Españoles;Nacidos en América;62
Castellón/Castelló;Españoles;Nacidos en Asia;12
Castellón/Castelló;Españoles;Nacidos en Oceanía;0
Castellón/Castelló;Extranjeros;Total;4.119
Castellón/Castelló;Extranjeros;Nacidos en España;259
Castellón/Castelló;Extranjeros;Nacidos en la UE27_2020;1.973
Castellón/Castelló;Extranjeros;Nacidos en el resto de Europa;234
Castellón/Castelló;Extranjeros;Nacidos en África;733
Castellón/Castelló;Extranjeros;Nacidos en América;693
Castellón/Castelló;Extranjeros;Nacidos en Asia;225
Castellón/Castelló;Extranjeros;Nacidos en Oceanía;2
Valencia/València;Total;Total;13.278
Valencia/València;Total;Nacidos en España;2.167
Valencia/València;Total;Nacidos en la UE27_2020;4.269
Valencia/València;Total;Nacidos en el resto de Europa;920
Valencia/València;Total;Nacidos en África;1.744
Valencia/València;Total;Nacidos en América;3.222
Valencia/València;Total;Nacidos en Asia;941
Valencia/València;Total;Nacidos en Oceanía;15
Valencia/València;Españoles;Total;2.709
Valencia/València;Españoles;Nacidos en España;1.698
Valencia/València;Españoles;Nacidos en la UE27_2020;62
Valencia/València;Españoles;Nacidos en el resto de Europa;43
Valencia/València;Españoles;Nacidos en África;205
Valencia/València;Españoles;Nacidos en América;632
Valencia/València;Españoles;Nacidos en Asia;64
Valencia/València;Españoles;Nacidos en Oceanía;5
Valencia/València;Extranjeros;Total;10.569
Valencia/València;Extranjeros;Nacidos en España;469
Valencia/València;Extranjeros;Nacidos en la UE27_2020;4.207
Valencia/València;Extranjeros;Nacidos en el resto de Europa;877
Valencia/València;Extranjeros;Nacidos en África;1.539
Valencia/València;Extranjeros;Nacidos en América;2.590
Valencia/València;Extranjeros;Nacidos en Asia;877
Valencia/València;Extranjeros;Nacidos en Oceanía;10
EXTREMADURA;Total;Total;1.888
EXTREMADURA;Total;Nacidos en España;508
EXTREMADURA;Total;Nacidos en la UE27_2020;747
EXTREMADURA;Total;Nacidos en el resto de Europa;39
EXTREMADURA;Total;Nacidos en África;172
EXTREMADURA;Total;Nacidos en América;375
EXTREMADURA;Total;Nacidos en Asia;44
EXTREMADURA;Total;Nacidos en Oceanía;3
EXTREMADURA;Españoles;Total;554
EXTREMADURA;Españoles;Nacidos en España;426
EXTREMADURA;Españoles;Nacidos en la UE27_2020;16
EXTREMADURA;Españoles;Nacidos en el resto de Europa;2
EXTREMADURA;Españoles;Nacidos en África;39
EXTREMADURA;Españoles;Nacidos en América;67
EXTREMADURA;Españoles;Nacidos en Asia;4
EXTREMADURA;Españoles;Nacidos en Oceanía;0
EXTREMADURA;Extranjeros;Total;1.334
EXTREMADURA;Extranjeros;Nacidos en España;82
EXTREMADURA;Extranjeros;Nacidos en la UE27_2020;731
EXTREMADURA;Extranjeros;Nacidos en el resto de Europa;37
EXTREMADURA;Extranjeros;Nacidos en África;133
EXTREMADURA;Extranjeros;Nacidos en América;308
EXTREMADURA;Extranjeros;Nacidos en Asia;40
EXTREMADURA;Extranjeros;Nacidos en Oceanía;3
Badajoz;Total;Total;1.335
Badajoz;Total;Nacidos en España;293
Badajoz;Total;Nacidos en la UE27_2020;649
Badajoz;Total;Nacidos en el resto de Europa;32
Badajoz;Total;Nacidos en África;88
Badajoz;Total;Nacidos en América;238
Badajoz;Total;Nacidos en Asia;33
Badajoz;Total;Nacidos en Oceanía;2
Badajoz;Españoles;Total;292
Badajoz;Españoles;Nacidos en España;223
Badajoz;Españoles;Nacidos en la UE27_2020;9
Badajoz;Españoles;Nacidos en el resto de Europa;2
Badajoz;Españoles;Nacidos en África;15
Badajoz;Españoles;Nacidos en América;39
Badajoz;Españoles;Nacidos en Asia;4
Badajoz;Españoles;Nacidos en Oceanía;0
Badajoz;Extranjeros;Total;1.043
Badajoz;Extranjeros;Nacidos en España;70
Badajoz;Extranjeros;Nacidos en la UE27_2020;640
Badajoz;Extranjeros;Nacidos en el resto de Europa;30
Badajoz;Extranjeros;Nacidos en África;73
Badajoz;Extranjeros;Nacidos en América;199
Badajoz;Extranjeros;Nacidos en Asia;29
Badajoz;Extranjeros;Nacidos en Oceanía;2
Cáceres;Total;Total;553
Cáceres;Total;Nacidos en España;215
Cáceres;Total;Nacidos en la UE27_2020;98
Cáceres;Total;Nacidos en el resto de Europa;7
Cáceres;Total;Nacidos en África;84
Cáceres;Total;Nacidos en América;137
Cáceres;Total;Nacidos en Asia;11
Cáceres;Total;Nacidos en Oceanía;1
Cáceres;Españoles;Total;262
Cáceres;Españoles;Nacidos en España;203
Cáceres;Españoles;Nacidos en la UE27_2020;7
Cáceres;Españoles;Nacidos en el resto de Europa;0
Cáceres;Españoles;Nacidos en África;24
Cáceres;Españoles;Nacidos en América;28
Cáceres;Españoles;Nacidos en Asia;0
Cáceres;Españoles;Nacidos en Oceanía;0
Cáceres;Extranjeros;Total;291
Cáceres;Extranjeros;Nacidos en España;12
Cáceres;Extranjeros;Nacidos en la UE27_2020;91
Cáceres;Extranjeros;Nacidos en el resto de Europa;7
Cáceres;Extranjeros;Nacidos en África;60
Cáceres;Extranjeros;Nacidos en América;109
Cáceres;Extranjeros;Nacidos en Asia;11
Cáceres;Extranjeros;Nacidos en Oceanía;1
GALICIA;Total;Total;6.139
GALICIA;Total;Nacidos en España;1.904
GALICIA;Total;Nacidos en la UE27_2020;1.199
GALICIA;Total;Nacidos en el resto de Europa;242
GALICIA;Total;Nacidos en África;321
GALICIA;Total;Nacidos en América;2.295
GALICIA;Total;Nacidos en Asia;168
GALICIA;Total;Nacidos en Oceanía;10
GALICIA;Españoles;Total;2.823
GALICIA;Españoles;Nacidos en España;1.840
GALICIA;Españoles;Nacidos en la UE27_2020;59
GALICIA;Españoles;Nacidos en el resto de Europa;105
GALICIA;Españoles;Nacidos en África;50
GALICIA;Españoles;Nacidos en América;732
GALICIA;Españoles;Nacidos en Asia;34
GALICIA;Españoles;Nacidos en Oceanía;3
GALICIA;Extranjeros;Total;3.316
GALICIA;Extranjeros;Nacidos en España;64
GALICIA;Extranjeros;Nacidos en la UE27_2020;1.140
GALICIA;Extranjeros;Nacidos en el resto de Europa;137
GALICIA;Extranjeros;Nacidos en África;271
GALICIA;Extranjeros;Nacidos en América;1.563
GALICIA;Extranjeros;Nacidos en Asia;134
GALICIA;Extranjeros;Nacidos en Oceanía;7
Coruña, A;Total;Total;2.849
Coruña, A;Total;Nacidos en España;864
Coruña, A;Total;Nacidos en la UE27_2020;401
Coruña, A;Total;Nacidos en el resto de Europa;152
Coruña, A;Total;Nacidos en África;178
Coruña, A;Total;Nacidos en América;1.127
Coruña, A;Total;Nacidos en Asia;123
Coruña, A;Total;Nacidos en Oceanía;4
Coruña, A;Españoles;Total;1.232
Coruña, A;Españoles;Nacidos en España;833
Coruña, A;Españoles;Nacidos en la UE27_2020;20
Coruña, A;Españoles;Nacidos en el resto de Europa;56
Coruña, A;Españoles;Nacidos en África;21
Coruña, A;Españoles;Nacidos en América;284
Coruña, A;Españoles;Nacidos en Asia;16
Coruña, A;Españoles;Nacidos en Oceanía;2
Coruña, A;Extranjeros;Total;1.617
Coruña, A;Extranjeros;Nacidos en España;31
Coruña, A;Extranjeros;Nacidos en la UE27_2020;381
Coruña, A;Extranjeros;Nacidos en el resto de Europa;96
Coruña, A;Extranjeros;Nacidos en África;157
Coruña, A;Extranjeros;Nacidos en América;843
Coruña, A;Extranjeros;Nacidos en Asia;107
Coruña, A;Extranjeros;Nacidos en Oceanía;2
Lugo;Total;Total;668
Lugo;Total;Nacidos en España;154
Lugo;Total;Nacidos en la UE27_2020;180
Lugo;Total;Nacidos en el resto de Europa;20
Lugo;Total;Nacidos en África;49
Lugo;Total;Nacidos en América;253
Lugo;Total;Nacidos en Asia;12
Lugo;Total;Nacidos en Oceanía;0
Lugo;Españoles;Total;238
Lugo;Españoles;Nacidos en España;141
Lugo;Españoles;Nacidos en la UE27_2020;3
Lugo;Españoles;Nacidos en el resto de Europa;7
Lugo;Españoles;Nacidos en África;5
Lugo;Españoles;Nacidos en América;81
Lugo;Españoles;Nacidos en Asia;1
Lugo;Españoles;Nacidos en Oceanía;0
Lugo;Extranjeros;Total;430
Lugo;Extranjeros;Nacidos en España;13
Lugo;Extranjeros;Nacidos en la UE27_2020;177
Lugo;Extranjeros;Nacidos en el resto de Europa;13
Lugo;Extranjeros;Nacidos en África;44
Lugo;Extranjeros;Nacidos en América;172
Lugo;Extranjeros;Nacidos en Asia;11
Lugo;Extranjeros;Nacidos en Oceanía;0
Ourense;Total;Total;726
Ourense;Total;Nacidos en España;221
Ourense;Total;Nacidos en la UE27_2020;209
Ourense;Total;Nacidos en el resto de Europa;22
Ourense;Total;Nacidos en África;19
Ourense;Total;Nacidos en América;247
Ourense;Total;Nacidos en Asia;7
Ourense;Total;Nacidos en Oceanía;1
Ourense;Españoles;Total;370
Ourense;Españoles;Nacidos en España;214
Ourense;Españoles;Nacidos en la UE27_2020;9
Ourense;Españoles;Nacidos en el resto de Europa;10
Ourense;Españoles;Nacidos en África;6
Ourense;Españoles;Nacidos en América;127
Ourense;Españoles;Nacidos en Asia;3
Ourense;Españoles;Nacidos en Oceanía;1
Ourense;Extranjeros;Total;356
Ourense;Extranjeros;Nacidos en España;7
Ourense;Extranjeros;Nacidos en la UE27_2020;200
Ourense;Extranjeros;Nacidos en el resto de Europa;12
Ourense;Extranjeros;Nacidos en África;13
Ourense;Extranjeros;Nacidos en América;120
Ourense;Extranjeros;Nacidos en Asia;4
Ourense;Extranjeros;Nacidos en Oceanía;0
Pontevedra;Total;Total;1.896
Pontevedra;Total;Nacidos en España;665
Pontevedra;Total;Nacidos en la UE27_2020;409
Pontevedra;Total;Nacidos en el resto de Europa;48
Pontevedra;Total;Nacidos en África;75
Pontevedra;Total;Nacidos en América;668
Pontevedra;Total;Nacidos en Asia;26
Pontevedra;Total;Nacidos en Oceanía;5
Pontevedra;Españoles;Total;983
Pontevedra;Españoles;Nacidos en España;652
Pontevedra;Españoles;Nacidos en la UE27_2020;27
Pontevedra;Españoles;Nacidos en el resto de Europa;32
Pontevedra;Españoles;Nacidos en África;18
Pontevedra;Españoles;Nacidos en América;240
Pontevedra;Españoles;Nacidos en Asia;14
Pontevedra;Españoles;Nacidos en Oceanía;0
Pontevedra;Extranjeros;Total;913
Pontevedra;Extranjeros;Nacidos en España;13
Pontevedra;Extranjeros;Nacidos en la UE27_2020;382
Pontevedra;Extranjeros;Nacidos en el resto de Europa;16
Pontevedra;Extranjeros;Nacidos en África;57
Pontevedra;Extranjeros;Nacidos en América;428
Pontevedra;Extranjeros;Nacidos en Asia;12
Pontevedra;Extranjeros;Nacidos en Oceanía;5
MADRID, COMUNIDAD DE;Total;Total;46.778
MADRID, COMUNIDAD DE;Total;Nacidos en España;8.540
MADRID, COMUNIDAD DE;Total;Nacidos en la UE27_2020;8.862
MADRID, COMUNIDAD DE;Total;Nacidos en el resto de Europa;1.626
MADRID, COMUNIDAD DE;Total;Nacidos en África;3.979
MADRID, COMUNIDAD DE;Total;Nacidos en América;19.003
MADRID, COMUNIDAD DE;Total;Nacidos en Asia;4.696
MADRID, COMUNIDAD DE;Total;Nacidos en Oceanía;72
MADRID, COMUNIDAD DE;Españoles;Total;10.995
MADRID, COMUNIDAD DE;Españoles;Nacidos en España;6.864
MADRID, COMUNIDAD DE;Españoles;Nacidos en la UE27_2020;183
MADRID, COMUNIDAD DE;Españoles;Nacidos en el resto de Europa;105
MADRID, COMUNIDAD DE;Españoles;Nacidos en África;441
MADRID, COMUNIDAD DE;Españoles;Nacidos en América;3.139
MADRID, COMUNIDAD DE;Españoles;Nacidos en Asia;260
MADRID, COMUNIDAD DE;Españoles;Nacidos en Oceanía;3
MADRID, COMUNIDAD DE;Extranjeros;Total;35.783
MADRID, COMUNIDAD DE;Extranjeros;Nacidos en España;1.676
MADRID, COMUNIDAD DE;Extranjeros;Nacidos en la UE27_2020;8.679
MADRID, COMUNIDAD DE;Extranjeros;Nacidos en el resto de Europa;1.521
MADRID, COMUNIDAD DE;Extranjeros;Nacidos en África;3.538
MADRID, COMUNIDAD DE;Extranjeros;Nacidos en América;15.864
MADRID, COMUNIDAD DE;Extranjeros;Nacidos en Asia;4.436
MADRID, COMUNIDAD DE;Extranjeros;Nacidos en Oceanía;69
MURCIA, REGIÓN DE;Total;Total;11.986
MURCIA, REGIÓN DE;Total;Nacidos en España;1.282
MURCIA, REGIÓN DE;Total;Nacidos en la UE27_2020;3.171
MURCIA, REGIÓN DE;Total;Nacidos en el resto de Europa;1.295
MURCIA, REGIÓN DE;Total;Nacidos en África;3.330
MURCIA, REGIÓN DE;Total;Nacidos en América;2.540
MURCIA, REGIÓN DE;Total;Nacidos en Asia;361
MURCIA, REGIÓN DE;Total;Nacidos en Oceanía;7
MURCIA, REGIÓN DE;Españoles;Total;1.412
MURCIA, REGIÓN DE;Españoles;Nacidos en España;851
MURCIA, REGIÓN DE;Españoles;Nacidos en la UE27_2020;36
MURCIA, REGIÓN DE;Españoles;Nacidos en el resto de Europa;13
MURCIA, REGIÓN DE;Españoles;Nacidos en África;190
MURCIA, REGIÓN DE;Españoles;Nacidos en América;308
MURCIA, REGIÓN DE;Españoles;Nacidos en Asia;14
MURCIA, REGIÓN DE;Españoles;Nacidos en Oceanía;0
MURCIA, REGIÓN DE;Extranjeros;Total;10.574
MURCIA, REGIÓN DE;Extranjeros;Nacidos en España;431
MURCIA, REGIÓN DE;Extranjeros;Nacidos en la UE27_2020;3.135
MURCIA, REGIÓN DE;Extranjeros;Nacidos en el resto de Europa;1.282
MURCIA, REGIÓN DE;Extranjeros;Nacidos en África;3.140
MURCIA, REGIÓN DE;Extranjeros;Nacidos en América;2.232
MURCIA, REGIÓN DE;Extranjeros;Nacidos en Asia;347
MURCIA, REGIÓN DE;Extranjeros;Nacidos en Oceanía;7
NAVARRA, COMUNIDAD FORAL DE;Total;Total;4.457
NAVARRA, COMUNIDAD FORAL DE;Total;Nacidos en España;537
NAVARRA, COMUNIDAD FORAL DE;Total;Nacidos en la UE27_2020;1.168
NAVARRA, COMUNIDAD FORAL DE;Total;Nacidos en el resto de Europa;208
NAVARRA, COMUNIDAD FORAL DE;Total;Nacidos en África;867
NAVARRA, COMUNIDAD FORAL DE;Total;Nacidos en América;1.524
NAVARRA, COMUNIDAD FORAL DE;Total;Nacidos en Asia;149
NAVARRA, COMUNIDAD FORAL DE;Total;Nacidos en Oceanía;4
NAVARRA, COMUNIDAD FORAL DE;Españoles;Total;761
NAVARRA, COMUNIDAD FORAL DE;Españoles;Nacidos en España;412
NAVARRA, COMUNIDAD FORAL DE;Españoles;Nacidos en la UE27_2020;15
NAVARRA, COMUNIDAD FORAL DE;Españoles;Nacidos en el resto de Europa;13
NAVARRA, COMUNIDAD FORAL DE;Españoles;Nacidos en África;98
NAVARRA, COMUNIDAD FORAL DE;Españoles;Nacidos en América;217
NAVARRA, COMUNIDAD FORAL DE;Españoles;Nacidos en Asia;6
NAVARRA, COMUNIDAD FORAL DE;Españoles;Nacidos en Oceanía;0
NAVARRA, COMUNIDAD FORAL DE;Extranjeros;Total;3.696
NAVARRA, COMUNIDAD FORAL DE;Extranjeros;Nacidos en España;125
NAVARRA, COMUNIDAD FORAL DE;Extranjeros;Nacidos en la UE27_2020;1.153
NAVARRA, COMUNIDAD FORAL DE;Extranjeros;Nacidos en el resto de Europa;195
NAVARRA, COMUNIDAD FORAL DE;Extranjeros;Nacidos en África;769
NAVARRA, COMUNIDAD FORAL DE;Extranjeros;Nacidos en América;1.307
NAVARRA, COMUNIDAD FORAL DE;Extranjeros;Nacidos en Asia;143
NAVARRA, COMUNIDAD FORAL DE;Extranjeros;Nacidos en Oceanía;4
PAÍS VASCO;Total;Total;10.434
PAÍS VASCO;Total;Nacidos en España;1.810
PAÍS VASCO;Total;Nacidos en la UE27_2020;1.838
PAÍS VASCO;Total;Nacidos en el resto de Europa;454
PAÍS VASCO;Total;Nacidos en África;2.187
PAÍS VASCO;Total;Nacidos en América;3.476
PAÍS VASCO;Total;Nacidos en Asia;657
PAÍS VASCO;Total;Nacidos en Oceanía;12
PAÍS VASCO;Españoles;Total;1.962
PAÍS VASCO;Españoles;Nacidos en España;1.466
PAÍS VASCO;Españoles;Nacidos en la UE27_2020;33
PAÍS VASCO;Españoles;Nacidos en el resto de Europa;18
PAÍS VASCO;Españoles;Nacidos en África;163
PAÍS VASCO;Españoles;Nacidos en América;227
PAÍS VASCO;Españoles;Nacidos en Asia;55
PAÍS VASCO;Españoles;Nacidos en Oceanía;0
PAÍS VASCO;Extranjeros;Total;8.472
PAÍS VASCO;Extranjeros;Nacidos en España;344
PAÍS VASCO;Extranjeros;Nacidos en la UE27_2020;1.805
PAÍS VASCO;Extranjeros;Nacidos en el resto de Europa;436
PAÍS VASCO;Extranjeros;Nacidos en África;2.024
PAÍS VASCO;Extranjeros;Nacidos en América;3.249
PAÍS VASCO;Extranjeros;Nacidos en Asia;602
PAÍS VASCO;Extranjeros;Nacidos en Oceanía;12
Araba/Álava;Total;Total;1.960
Araba/Álava;Total;Nacidos en España;318
Araba/Álava;Total;Nacidos en la UE27_2020;236
Araba/Álava;Total;Nacidos en el resto de Europa;90
Araba/Álava;Total;Nacidos en África;624
Araba/Álava;Total;Nacidos en América;582
Araba/Álava;Total;Nacidos en Asia;109
Araba/Álava;Total;Nacidos en Oceanía;1
Araba/Álava;Españoles;Total;308
Araba/Álava;Españoles;Nacidos en España;210
Araba/Álava;Españoles;Nacidos en la UE27_2020;5
Araba/Álava;Españoles;Nacidos en el resto de Europa;2
Araba/Álava;Españoles;Nacidos en África;49
Araba/Álava;Españoles;Nacidos en América;37
Araba/Álava;Españoles;Nacidos en Asia;5
Araba/Álava;Españoles;Nacidos en Oceanía;0
Araba/Álava;Extranjeros;Total;1.652
Araba/Álava;Extranjeros;Nacidos en España;108
Araba/Álava;Extranjeros;Nacidos en la UE27_2020;231
Araba/Álava;Extranjeros;Nacidos en el resto de Europa;88
Araba/Álava;Extranjeros;Nacidos en África;575
Araba/Álava;Extranjeros;Nacidos en América;545
Araba/Álava;Extranjeros;Nacidos en Asia;104
Araba/Álava;Extranjeros;Nacidos en Oceanía;1
Bizkaia;Total;Total;4.772
Bizkaia;Total;Nacidos en España;764
Bizkaia;Total;Nacidos en la UE27_2020;870
Bizkaia;Total;Nacidos en el resto de Europa;154
Bizkaia;Total;Nacidos en África;914
Bizkaia;Total;Nacidos en América;1.758
Bizkaia;Total;Nacidos en Asia;306
Bizkaia;Total;Nacidos en Oceanía;6
Bizkaia;Españoles;Total;848
Bizkaia;Españoles;Nacidos en España;637
Bizkaia;Españoles;Nacidos en la UE27_2020;10
Bizkaia;Españoles;Nacidos en el resto de Europa;12
Bizkaia;Españoles;Nacidos en África;60
Bizkaia;Españoles;Nacidos en América;105
Bizkaia;Españoles;Nacidos en Asia;24
Bizkaia;Españoles;Nacidos en Oceanía;0
Bizkaia;Extranjeros;Total;3.924
Bizkaia;Extranjeros;Nacidos en España;127
Bizkaia;Extranjeros;Nacidos en la UE27_2020;860
Bizkaia;Extranjeros;Nacidos en el resto de Europa;142
Bizkaia;Extranjeros;Nacidos en África;854
Bizkaia;Extranjeros;Nacidos en América;1.653
Bizkaia;Extranjeros;Nacidos en Asia;282
Bizkaia;Extranjeros;Nacidos en Oceanía;6
Gipuzkoa;Total;Total;3.702
Gipuzkoa;Total;Nacidos en España;728
Gipuzkoa;Total;Nacidos en la UE27_2020;732
Gipuzkoa;Total;Nacidos en el resto de Europa;210
Gipuzkoa;Total;Nacidos en África;649
Gipuzkoa;Total;Nacidos en América;1.136
Gipuzkoa;Total;Nacidos en Asia;242
Gipuzkoa;Total;Nacidos en Oceanía;5
Gipuzkoa;Españoles;Total;806
Gipuzkoa;Españoles;Nacidos en España;619
Gipuzkoa;Españoles;Nacidos en la UE27_2020;18
Gipuzkoa;Españoles;Nacidos en el resto de Europa;4
Gipuzkoa;Españoles;Nacidos en África;54
Gipuzkoa;Españoles;Nacidos en América;85
Gipuzkoa;Españoles;Nacidos en Asia;26
Gipuzkoa;Españoles;Nacidos en Oceanía;0
Gipuzkoa;Extranjeros;Total;2.896
Gipuzkoa;Extranjeros;Nacidos en España;109
Gipuzkoa;Extranjeros;Nacidos en la UE27_2020;714
Gipuzkoa;Extranjeros;Nacidos en el resto de Europa;206
Gipuzkoa;Extranjeros;Nacidos en África;595
Gipuzkoa;Extranjeros;Nacidos en América;1.051
Gipuzkoa;Extranjeros;Nacidos en Asia;216
Gipuzkoa;Extranjeros;Nacidos en Oceanía;5
RIOJA, LA;Total;Total;1.695
RIOJA, LA;Total;Nacidos en España;269
RIOJA, LA;Total;Nacidos en la UE27_2020;633
RIOJA, LA;Total;Nacidos en el resto de Europa;82
RIOJA, LA;Total;Nacidos en África;226
RIOJA, LA;Total;Nacidos en América;371
RIOJA, LA;Total;Nacidos en Asia;111
RIOJA, LA;Total;Nacidos en Oceanía;3
RIOJA, LA;Españoles;Total;343
RIOJA, LA;Españoles;Nacidos en España;191
RIOJA, LA;Españoles;Nacidos en la UE27_2020;5
RIOJA, LA;Españoles;Nacidos en el resto de Europa;5
RIOJA, LA;Españoles;Nacidos en África;42
RIOJA, LA;Españoles;Nacidos en América;54
RIOJA, LA;Españoles;Nacidos en Asia;46
RIOJA, LA;Españoles;Nacidos en Oceanía;0
RIOJA, LA;Extranjeros;Total;1.352
RIOJA, LA;Extranjeros;Nacidos en España;78
RIOJA, LA;Extranjeros;Nacidos en la UE27_2020;628
RIOJA, LA;Extranjeros;Nacidos en el resto de Europa;77
RIOJA, LA;Extranjeros;Nacidos en África;184
RIOJA, LA;Extranjeros;Nacidos en América;317
RIOJA, LA;Extranjeros;Nacidos en Asia;65
RIOJA, LA;Extranjeros;Nacidos en Oceanía;3
Ceuta;Total;Total;235
Ceuta;Total;Nacidos en España;143
Ceuta;Total;Nacidos en la UE27_2020;2
Ceuta;Total;Nacidos en el resto de Europa;1
Ceuta;Total;Nacidos en África;79
Ceuta;Total;Nacidos en América;9
Ceuta;Total;Nacidos en Asia;1
Ceuta;Total;Nacidos en Oceanía;0
Ceuta;Españoles;Total;156
Ceuta;Españoles;Nacidos en España;129
Ceuta;Españoles;Nacidos en la UE27_2020;2
Ceuta;Españoles;Nacidos en el resto de Europa;0
Ceuta;Españoles;Nacidos en África;24
Ceuta;Españoles;Nacidos en América;1
Ceuta;Españoles;Nacidos en Asia;0
Ceuta;Españoles;Nacidos en Oceanía;0
Ceuta;Extranjeros;Total;79
Ceuta;Extranjeros;Nacidos en España;14
Ceuta;Extranjeros;Nacidos en la UE27_2020;0
Ceuta;Extranjeros;Nacidos en el resto de Europa;1
Ceuta;Extranjeros;Nacidos en África;55
Ceuta;Extranjeros;Nacidos en América;8
Ceuta;Extranjeros;Nacidos en Asia;1
Ceuta;Extranjeros;Nacidos en Oceanía;0
Melilla;Total;Total;631
Melilla;Total;Nacidos en España;215
Melilla;Total;Nacidos en la UE27_2020;32
Melilla;Total;Nacidos en el resto de Europa;12
Melilla;Total;Nacidos en África;356
Melilla;Total;Nacidos en América;14
Melilla;Total;Nacidos en Asia;2
Melilla;Total;Nacidos en Oceanía;0
Melilla;Españoles;Total;215
Melilla;Españoles;Nacidos en España;157
Melilla;Españoles;Nacidos en la UE27_2020;10
Melilla;Españoles;Nacidos en el resto de Europa;2
Melilla;Españoles;Nacidos en África;39
Melilla;Españoles;Nacidos en América;5
Melilla;Españoles;Nacidos en Asia;2
Melilla;Españoles;Nacidos en Oceanía;0
Melilla;Extranjeros;Total;416
Melilla;Extranjeros;Nacidos en España;58
Melilla;Extranjeros;Nacidos en la UE27_2020;22
Melilla;Extranjeros;Nacidos en el resto de Europa;10
Melilla;Extranjeros;Nacidos en África;317
Melilla;Extranjeros;Nacidos en América;9
Melilla;Extranjeros;Nacidos en Asia;0
Melilla;Extranjeros;Nacidos en Oceanía;0
