Name;Web of Science Documents;Category Normalized Citation Impact;Times Cited;Highly Cited Papers;Publication Year
1 NATURAL SCIENCES;61;0,48;625;0;1980
1 NATURAL SCIENCES;72;0,45;792;0;1981
1 NATURAL SCIENCES;106;0,58;1498;0;1982
1 NATURAL SCIENCES;121;0,29;875;0;1983
1 NATURAL SCIENCES;129;0,39;1309;0;1984
1 NATURAL SCIENCES;159;0,31;1271;0;1985
1 NATURAL SCIENCES;203;0,44;2409;0;1986
1 NATURAL SCIENCES;185;0,36;1789;0;1987
1 NATURAL SCIENCES;199;0,53;2892;0;1988
1 NATURAL SCIENCES;213;0,55;3195;0;1989
1 NATURAL SCIENCES;226;0,94;6111;0;1990
1 NATURAL SCIENCES;260;0,54;4106;0;1991
1 NATURAL SCIENCES;286;0,70;6020;0;1992
1 NATURAL SCIENCES;381;0,73;8550;0;1993
1 NATURAL SCIENCES;393;0,76;9058;0;1994
1 NATURAL SCIENCES;430;0,86;11954;0;1995
1 NATURAL SCIENCES;441;0,86;12508;0;1996
1 NATURAL SCIENCES;468;0,70;10930;0;1997
1 NATURAL SCIENCES;524;0,80;14900;0;1998
1 NATURAL SCIENCES;600;0,96;19805;0;1999
1 NATURAL SCIENCES;599;0,93;20786;0;2000
1 NATURAL SCIENCES;567;0,88;17883;0;2001
1 NATURAL SCIENCES;583;0,79;16316;0;2002
1 NATURAL SCIENCES;717;0,82;20887;0;2003
1 NATURAL SCIENCES;693;0,90;25211;0;2004
1 NATURAL SCIENCES;735;0,79;19795;0;2005
1 NATURAL SCIENCES;807;1,06;27048;0;2006
1 NATURAL SCIENCES;843;1,02;27602;0;2007
1 NATURAL SCIENCES;900;0,97;30208;0;2008
1 NATURAL SCIENCES;974;1,12;30549;15;2009
1 NATURAL SCIENCES;1024;1,17;35457;17;2010
1 NATURAL SCIENCES;1283;1,25;37682;15;2011
1 NATURAL SCIENCES;1435;1,52;51127;26;2012
1 NATURAL SCIENCES;1330;1,21;29732;23;2013
1 NATURAL SCIENCES;1485;1,85;48425;51;2014
1 NATURAL SCIENCES;1495;1,38;27752;40;2015
1 NATURAL SCIENCES;1517;2,18;32940;44;2016
1 NATURAL SCIENCES;1397;1,28;12221;27;2017
1 NATURAL SCIENCES;1485;1,64;9474;46;2018
1 NATURAL SCIENCES;1443;1,40;1554;20;2019
1.01 Mathematics;6;0,42;49;0;1980
1.01 Mathematics;4;0,12;9;0;1981
1.01 Mathematics;6;1,48;184;0;1982
1.01 Mathematics;14;0,24;64;0;1983
1.01 Mathematics;12;0,96;213;0;1984
1.01 Mathematics;23;0,73;272;0;1985
1.01 Mathematics;21;0,77;332;0;1986
1.01 Mathematics;21;0,41;176;0;1987
1.01 Mathematics;19;0,96;357;0;1988
1.01 Mathematics;24;1,87;818;0;1989
1.01 Mathematics;21;0,99;374;0;1990
1.01 Mathematics;34;0,72;430;0;1991
1.01 Mathematics;25;0,61;301;0;1992
1.01 Mathematics;56;0,55;572;0;1993
1.01 Mathematics;47;0,56;531;0;1994
1.01 Mathematics;90;0,53;1004;0;1995
1.01 Mathematics;70;1,69;2344;0;1996
1.01 Mathematics;99;1,01;1902;0;1997
1.01 Mathematics;101;1,49;3151;0;1998
1.01 Mathematics;133;1,17;3282;0;1999
1.01 Mathematics;123;1,29;3330;0;2000
1.01 Mathematics;135;0,80;2194;0;2001
1.01 Mathematics;116;0,67;1529;0;2002
1.01 Mathematics;124;0,87;2092;0;2003
1.01 Mathematics;136;0,87;2712;0;2004
1.01 Mathematics;136;0,78;1856;0;2005
1.01 Mathematics;143;1,01;2364;0;2006
1.01 Mathematics;161;0,86;2148;0;2007
1.01 Mathematics;178;0,94;2221;0;2008
1.01 Mathematics;183;0,84;2082;0;2009
1.01 Mathematics;175;0,96;2041;1;2010
1.01 Mathematics;207;1,17;2680;1;2011
1.01 Mathematics;201;0,98;1833;2;2012
1.01 Mathematics;177;1,11;1525;2;2013
1.01 Mathematics;196;1,06;1412;2;2014
1.01 Mathematics;222;1,06;1347;2;2015
1.01 Mathematics;190;0,83;630;0;2016
1.01 Mathematics;176;1,11;541;1;2017
1.01 Mathematics;177;0,97;253;0;2018
1.01 Mathematics;189;1,19;89;1;2019
1.02 Computer and information sciences;1;0,09;2;0;1981
1.02 Computer and information sciences;4;0,70;45;0;1982
1.02 Computer and information sciences;2;0,89;27;0;1983
1.02 Computer and information sciences;1;6,90;102;0;1984
1.02 Computer and information sciences;4;0,72;18;0;1985
1.02 Computer and information sciences;2;0,00;0;0;1986
1.02 Computer and information sciences;6;0,83;93;0;1987
1.02 Computer and information sciences;5;1,56;133;0;1988
1.02 Computer and information sciences;11;3,11;645;0;1989
1.02 Computer and information sciences;7;1,29;159;0;1990
1.02 Computer and information sciences;16;0,26;66;0;1991
1.02 Computer and information sciences;10;1,82;322;0;1992
1.02 Computer and information sciences;17;1,62;517;0;1993
1.02 Computer and information sciences;23;1,36;553;0;1994
1.02 Computer and information sciences;31;1,80;1259;0;1995
1.02 Computer and information sciences;19;3,28;1498;0;1996
1.02 Computer and information sciences;41;1,64;1560;0;1997
1.02 Computer and information sciences;44;2,32;3007;0;1998
1.02 Computer and information sciences;73;1,64;2861;0;1999
1.02 Computer and information sciences;57;3,31;4940;0;2000
1.02 Computer and information sciences;59;1,47;2615;0;2001
1.02 Computer and information sciences;66;0,96;1691;0;2002
1.02 Computer and information sciences;131;1,29;3903;0;2003
1.02 Computer and information sciences;98;0,99;2511;0;2004
1.02 Computer and information sciences;128;0,74;1747;0;2005
1.02 Computer and information sciences;132;0,94;2331;0;2006
1.02 Computer and information sciences;87;1,51;3182;0;2007
1.02 Computer and information sciences;106;1,56;3827;0;2008
1.02 Computer and information sciences;131;2,41;7032;10;2009
1.02 Computer and information sciences;137;1,96;5515;7;2010
1.02 Computer and information sciences;131;2,60;6429;5;2011
1.02 Computer and information sciences;200;1,72;6131;4;2012
1.02 Computer and information sciences;176;1,79;4499;6;2013
1.02 Computer and information sciences;194;1,70;4478;9;2014
1.02 Computer and information sciences;189;1,95;4165;7;2015
1.02 Computer and information sciences;214;1,70;2829;7;2016
1.02 Computer and information sciences;154;2,16;1921;9;2017
1.02 Computer and information sciences;216;2,93;1804;14;2018
1.02 Computer and information sciences;205;2,44;354;6;2019
1.03 Physical sciences and astronomy;7;0,27;52;0;1980
1.03 Physical sciences and astronomy;3;0,29;22;0;1981
1.03 Physical sciences and astronomy;9;0,27;47;0;1982
1.03 Physical sciences and astronomy;4;0,11;11;0;1983
1.03 Physical sciences and astronomy;9;0,30;69;0;1984
1.03 Physical sciences and astronomy;10;0,33;82;0;1985
1.03 Physical sciences and astronomy;17;0,40;184;0;1986
1.03 Physical sciences and astronomy;12;0,58;183;0;1987
1.03 Physical sciences and astronomy;15;0,45;155;0;1988
1.03 Physical sciences and astronomy;21;0,43;226;0;1989
1.03 Physical sciences and astronomy;21;1,10;543;0;1990
1.03 Physical sciences and astronomy;35;0,71;592;0;1991
1.03 Physical sciences and astronomy;57;0,64;920;0;1992
1.03 Physical sciences and astronomy;51;0,60;793;0;1993
1.03 Physical sciences and astronomy;54;0,91;1168;0;1994
1.03 Physical sciences and astronomy;64;0,66;1103;0;1995
1.03 Physical sciences and astronomy;70;0,69;1515;0;1996
1.03 Physical sciences and astronomy;71;0,85;1521;0;1997
1.03 Physical sciences and astronomy;82;0,79;1812;0;1998
1.03 Physical sciences and astronomy;82;1,05;2364;0;1999
1.03 Physical sciences and astronomy;81;0,92;2298;0;2000
1.03 Physical sciences and astronomy;80;1,01;2257;0;2001
1.03 Physical sciences and astronomy;83;1,15;2770;0;2002
1.03 Physical sciences and astronomy;108;0,82;2652;0;2003
1.03 Physical sciences and astronomy;110;1,31;6948;0;2004
1.03 Physical sciences and astronomy;115;1,02;3252;0;2005
1.03 Physical sciences and astronomy;128;2,35;7941;0;2006
1.03 Physical sciences and astronomy;158;1,00;4210;0;2007
1.03 Physical sciences and astronomy;154;1,41;8986;0;2008
1.03 Physical sciences and astronomy;156;1,32;5140;2;2009
1.03 Physical sciences and astronomy;188;1,84;11702;5;2010
1.03 Physical sciences and astronomy;311;1,81;12222;7;2011
1.03 Physical sciences and astronomy;343;2,68;22167;12;2012
1.03 Physical sciences and astronomy;258;1,82;8243;10;2013
1.03 Physical sciences and astronomy;308;4,87;27417;33;2014
1.03 Physical sciences and astronomy;301;2,67;10587;21;2015
1.03 Physical sciences and astronomy;346;5,76;20347;31;2016
1.03 Physical sciences and astronomy;275;1,92;3733;8;2017
1.03 Physical sciences and astronomy;264;2,73;3846;25;2018
1.03 Physical sciences and astronomy;267;1,98;420;8;2019
1.04 Chemical sciences;33;0,34;233;0;1980
1.04 Chemical sciences;36;0,33;244;0;1981
1.04 Chemical sciences;53;0,45;470;0;1982
1.04 Chemical sciences;68;0,23;326;0;1983
1.04 Chemical sciences;71;0,22;343;0;1984
1.04 Chemical sciences;72;0,23;342;0;1985
1.04 Chemical sciences;85;0,42;754;0;1986
1.04 Chemical sciences;63;0,30;420;0;1987
1.04 Chemical sciences;76;0,34;527;0;1988
1.04 Chemical sciences;81;0,37;630;0;1989
1.04 Chemical sciences;71;0,51;781;0;1990
1.04 Chemical sciences;73;0,48;830;0;1991
1.04 Chemical sciences;80;0,62;1169;0;1992
1.04 Chemical sciences;123;0,77;2329;0;1993
1.04 Chemical sciences;115;0,72;1960;0;1994
1.04 Chemical sciences;111;0,90;2454;0;1995
1.04 Chemical sciences;120;0,71;2321;0;1996
1.04 Chemical sciences;117;0,82;2561;0;1997
1.04 Chemical sciences;133;0,99;3570;0;1998
1.04 Chemical sciences;134;1,05;4081;0;1999
1.04 Chemical sciences;153;0,98;4616;0;2000
1.04 Chemical sciences;134;1,20;5330;0;2001
1.04 Chemical sciences;139;0,92;4172;0;2002
1.04 Chemical sciences;147;0,89;4431;0;2003
1.04 Chemical sciences;149;1,03;5108;0;2004
1.04 Chemical sciences;177;0,92;5890;0;2005
1.04 Chemical sciences;156;0,91;4706;0;2006
1.04 Chemical sciences;171;1,08;6457;0;2007
1.04 Chemical sciences;169;0,86;4624;0;2008
1.04 Chemical sciences;200;1,00;6315;2;2009
1.04 Chemical sciences;199;0,95;6397;1;2010
1.04 Chemical sciences;262;0,95;7290;1;2011
1.04 Chemical sciences;216;1,10;7229;2;2012
1.04 Chemical sciences;251;0,95;5331;2;2013
1.04 Chemical sciences;257;1,01;5699;1;2014
1.04 Chemical sciences;289;0,81;4318;2;2015
1.04 Chemical sciences;280;0,90;3754;3;2016
1.04 Chemical sciences;264;0,92;2309;4;2017
1.04 Chemical sciences;305;0,86;1330;0;2018
1.04 Chemical sciences;283;0,75;217;0;2019
1.05 Earth and related environmental sciences;2;0,24;14;0;1980
1.05 Earth and related environmental sciences;7;1,09;190;0;1981
1.05 Earth and related environmental sciences;7;0,41;79;0;1982
1.05 Earth and related environmental sciences;8;0,63;132;0;1983
1.05 Earth and related environmental sciences;15;0,52;212;0;1984
1.05 Earth and related environmental sciences;12;0,36;115;0;1985
1.05 Earth and related environmental sciences;7;1,32;269;0;1986
1.05 Earth and related environmental sciences;14;1,06;428;0;1987
1.05 Earth and related environmental sciences;23;0,39;271;0;1988
1.05 Earth and related environmental sciences;20;1,18;514;0;1989
1.05 Earth and related environmental sciences;22;1,23;818;0;1990
1.05 Earth and related environmental sciences;32;0,76;734;0;1991
1.05 Earth and related environmental sciences;43;1,02;1442;0;1992
1.05 Earth and related environmental sciences;48;0,89;1423;0;1993
1.05 Earth and related environmental sciences;51;1,26;2179;0;1994
1.05 Earth and related environmental sciences;67;1,81;4157;0;1995
1.05 Earth and related environmental sciences;79;1,44;3775;0;1996
1.05 Earth and related environmental sciences;82;0,84;2570;0;1997
1.05 Earth and related environmental sciences;71;0,86;2313;0;1998
1.05 Earth and related environmental sciences;76;1,27;3823;0;1999
1.05 Earth and related environmental sciences;92;1,08;4180;0;2000
1.05 Earth and related environmental sciences;77;1,00;2996;0;2001
1.05 Earth and related environmental sciences;93;0,70;2691;0;2002
1.05 Earth and related environmental sciences;121;0,89;4304;0;2003
1.05 Earth and related environmental sciences;102;1,13;4721;0;2004
1.05 Earth and related environmental sciences;110;0,83;3545;0;2005
1.05 Earth and related environmental sciences;156;1,03;6061;0;2006
1.05 Earth and related environmental sciences;169;0,88;5909;0;2007
1.05 Earth and related environmental sciences;198;0,90;6388;0;2008
1.05 Earth and related environmental sciences;209;1,02;6733;0;2009
1.05 Earth and related environmental sciences;208;1,02;6275;1;2010
1.05 Earth and related environmental sciences;268;0,98;6732;3;2011
1.05 Earth and related environmental sciences;305;1,17;8257;4;2012
1.05 Earth and related environmental sciences;299;1,08;6796;2;2013
1.05 Earth and related environmental sciences;323;1,06;5715;4;2014
1.05 Earth and related environmental sciences;337;0,93;4336;3;2015
1.05 Earth and related environmental sciences;329;1,10;3818;4;2016
1.05 Earth and related environmental sciences;327;0,99;2193;3;2017
1.05 Earth and related environmental sciences;376;1,13;1419;2;2018
1.05 Earth and related environmental sciences;370;0,92;255;0;2019
1.06 Biological sciences;20;0,66;306;0;1980
1.06 Biological sciences;38;0,42;499;0;1981
1.06 Biological sciences;50;0,54;842;0;1982
1.06 Biological sciences;48;0,28;437;0;1983
1.06 Biological sciences;44;0,38;571;0;1984
1.06 Biological sciences;58;0,28;540;0;1985
1.06 Biological sciences;89;0,31;935;0;1986
1.06 Biological sciences;81;0,23;622;0;1987
1.06 Biological sciences;73;0,58;1569;0;1988
1.06 Biological sciences;75;0,38;1106;0;1989
1.06 Biological sciences;96;0,91;3701;0;1990
1.06 Biological sciences;82;0,47;1608;0;1991
1.06 Biological sciences;94;0,56;2222;0;1992
1.06 Biological sciences;121;0,63;3400;0;1993
1.06 Biological sciences;130;0,55;3104;0;1994
1.06 Biological sciences;112;0,49;2545;0;1995
1.06 Biological sciences;133;0,54;3160;0;1996
1.06 Biological sciences;109;0,46;2325;0;1997
1.06 Biological sciences;145;0,61;4151;0;1998
1.06 Biological sciences;172;0,79;6248;0;1999
1.06 Biological sciences;157;0,56;4752;0;2000
1.06 Biological sciences;137;0,67;4287;0;2001
1.06 Biological sciences;158;0,70;5257;0;2002
1.06 Biological sciences;155;0,64;5038;0;2003
1.06 Biological sciences;179;0,74;6513;0;2004
1.06 Biological sciences;147;0,79;5439;0;2005
1.06 Biological sciences;180;0,89;6653;0;2006
1.06 Biological sciences;193;1,14;8931;0;2007
1.06 Biological sciences;218;0,76;6606;0;2008
1.06 Biological sciences;227;0,93;6970;1;2009
1.06 Biological sciences;240;0,89;7311;3;2010
1.06 Biological sciences;275;1,01;7543;1;2011
1.06 Biological sciences;322;1,12;8701;3;2012
1.06 Biological sciences;313;0,98;6457;2;2013
1.06 Biological sciences;401;0,96;6963;4;2014
1.06 Biological sciences;334;1,01;4908;5;2015
1.06 Biological sciences;322;1,05;3769;1;2016
1.06 Biological sciences;377;1,16;3029;4;2017
1.06 Biological sciences;335;1,26;1449;5;2018
1.06 Biological sciences;319;1,50;342;5;2019
1.07 Other natural sciences;1;0,32;4;0;1982
1.07 Other natural sciences;1;1,49;32;0;1986
1.07 Other natural sciences;1;0,16;4;0;1987
1.07 Other natural sciences;2;1,47;61;0;1988
1.07 Other natural sciences;1;0,25;8;0;1991
1.07 Other natural sciences;1;0,28;7;0;1992
1.07 Other natural sciences;3;0,14;12;0;1993
1.07 Other natural sciences;2;0,27;17;0;1994
1.07 Other natural sciences;1;0,57;21;0;1995
1.07 Other natural sciences;1;0,19;6;0;1996
1.07 Other natural sciences;3;1,42;32;0;2000
1.07 Other natural sciences;3;8,69;31;0;2001
1.07 Other natural sciences;1;27,79;38;0;2002
1.07 Other natural sciences;1;3,02;278;0;2003
1.07 Other natural sciences;2;0,07;16;0;2004
1.07 Other natural sciences;1;0,17;10;0;2005
1.07 Other natural sciences;2;3,66;285;0;2007
1.07 Other natural sciences;2;1,65;134;0;2008
1.07 Other natural sciences;2;2,51;115;0;2010
1.07 Other natural sciences;3;0,37;50;0;2012
1.07 Other natural sciences;5;3,00;37;0;2013
1.07 Other natural sciences;3;0,49;27;0;2014
1.07 Other natural sciences;7;1,43;138;0;2015
1.07 Other natural sciences;11;0,75;84;0;2016
1.07 Other natural sciences;8;0,61;29;0;2017
1.07 Other natural sciences;8;4,10;100;1;2018
1.07 Other natural sciences;9;0,96;5;0;2019
2 ENGINEERING AND TECHNOLOGY;12;1,44;222;0;1980
2 ENGINEERING AND TECHNOLOGY;11;0,87;129;0;1981
2 ENGINEERING AND TECHNOLOGY;19;1,60;397;0;1982
2 ENGINEERING AND TECHNOLOGY;18;0,59;133;0;1983
2 ENGINEERING AND TECHNOLOGY;27;0,78;271;0;1984
2 ENGINEERING AND TECHNOLOGY;27;0,57;212;0;1985
2 ENGINEERING AND TECHNOLOGY;26;1,13;456;0;1986
2 ENGINEERING AND TECHNOLOGY;41;0,75;602;0;1987
2 ENGINEERING AND TECHNOLOGY;28;1,10;512;0;1988
2 ENGINEERING AND TECHNOLOGY;29;0,59;279;0;1989
2 ENGINEERING AND TECHNOLOGY;32;0,59;327;0;1990
2 ENGINEERING AND TECHNOLOGY;42;0,59;445;0;1991
2 ENGINEERING AND TECHNOLOGY;36;0,67;453;0;1992
2 ENGINEERING AND TECHNOLOGY;68;1,75;2178;0;1993
2 ENGINEERING AND TECHNOLOGY;64;1,36;1427;0;1994
2 ENGINEERING AND TECHNOLOGY;93;1,62;2816;0;1995
2 ENGINEERING AND TECHNOLOGY;88;1,02;1816;0;1996
2 ENGINEERING AND TECHNOLOGY;87;1,11;2006;0;1997
2 ENGINEERING AND TECHNOLOGY;101;1,13;2533;0;1998
2 ENGINEERING AND TECHNOLOGY;90;1,41;3006;0;1999
2 ENGINEERING AND TECHNOLOGY;112;1,96;5486;0;2000
2 ENGINEERING AND TECHNOLOGY;101;1,57;4205;0;2001
2 ENGINEERING AND TECHNOLOGY;99;1,50;3969;0;2002
2 ENGINEERING AND TECHNOLOGY;136;1,48;5570;0;2003
2 ENGINEERING AND TECHNOLOGY;143;1,22;4722;0;2004
2 ENGINEERING AND TECHNOLOGY;162;1,29;5790;0;2005
2 ENGINEERING AND TECHNOLOGY;217;1,07;6186;0;2006
2 ENGINEERING AND TECHNOLOGY;205;1,27;6979;0;2007
2 ENGINEERING AND TECHNOLOGY;237;1,18;6933;0;2008
2 ENGINEERING AND TECHNOLOGY;276;1,23;8239;3;2009
2 ENGINEERING AND TECHNOLOGY;320;1,05;8274;2;2010
2 ENGINEERING AND TECHNOLOGY;339;1,17;9187;5;2011
2 ENGINEERING AND TECHNOLOGY;426;1,43;11736;5;2012
2 ENGINEERING AND TECHNOLOGY;434;1,11;8350;2;2013
2 ENGINEERING AND TECHNOLOGY;483;0,96;7326;4;2014
2 ENGINEERING AND TECHNOLOGY;536;1,02;7478;7;2015
2 ENGINEERING AND TECHNOLOGY;506;1,05;5554;8;2016
2 ENGINEERING AND TECHNOLOGY;497;1,07;3886;6;2017
2 ENGINEERING AND TECHNOLOGY;518;1,32;2557;8;2018
2 ENGINEERING AND TECHNOLOGY;561;1,18;504;4;2019
2.01 Civil engineering;1;0,75;12;0;1991
2.01 Civil engineering;1;2,32;40;0;1994
2.01 Civil engineering;1;8,93;173;0;1995
2.01 Civil engineering;2;0,33;13;0;1996
2.01 Civil engineering;2;0,63;25;0;1998
2.01 Civil engineering;5;0,55;66;0;1999
2.01 Civil engineering;4;2,62;245;0;2000
2.01 Civil engineering;4;1,08;103;0;2001
2.01 Civil engineering;3;0,92;69;0;2002
2.01 Civil engineering;4;0,50;49;0;2003
2.01 Civil engineering;5;1,02;130;0;2004
2.01 Civil engineering;13;0,79;244;0;2005
2.01 Civil engineering;17;0,39;151;0;2006
2.01 Civil engineering;12;0,70;179;0;2007
2.01 Civil engineering;31;0,78;480;0;2008
2.01 Civil engineering;19;1,09;370;0;2009
2.01 Civil engineering;27;0,92;432;0;2010
2.01 Civil engineering;24;0,91;340;0;2011
2.01 Civil engineering;32;1,10;508;0;2012
2.01 Civil engineering;33;0,98;424;0;2013
2.01 Civil engineering;54;0,80;487;0;2014
2.01 Civil engineering;44;1,07;519;0;2015
2.01 Civil engineering;55;0,90;383;0;2016
2.01 Civil engineering;44;0,92;227;0;2017
2.01 Civil engineering;48;0,93;131;0;2018
2.01 Civil engineering;40;0,85;21;0;2019
2.02 Electrical eng, electronic eng;1;0,45;6;0;1980
2.02 Electrical eng, electronic eng;4;0,09;5;0;1981
2.02 Electrical eng, electronic eng;4;0,11;5;0;1982
2.02 Electrical eng, electronic eng;4;0,14;5;0;1983
2.02 Electrical eng, electronic eng;3;0,32;12;0;1984
2.02 Electrical eng, electronic eng;3;0,29;11;0;1985
2.02 Electrical eng, electronic eng;4;0,17;10;0;1986
2.02 Electrical eng, electronic eng;2;0,15;4;0;1987
2.02 Electrical eng, electronic eng;1;0,00;0;0;1988
2.02 Electrical eng, electronic eng;3;0,04;1;0;1989
2.02 Electrical eng, electronic eng;1;0,38;6;0;1990
2.02 Electrical eng, electronic eng;10;0,29;45;0;1991
2.02 Electrical eng, electronic eng;6;1,27;132;0;1992
2.02 Electrical eng, electronic eng;15;0,47;101;0;1993
2.02 Electrical eng, electronic eng;14;0,75;124;0;1994
2.02 Electrical eng, electronic eng;27;1,52;720;0;1995
2.02 Electrical eng, electronic eng;17;0,98;303;0;1996
2.02 Electrical eng, electronic eng;27;1,14;630;0;1997
2.02 Electrical eng, electronic eng;32;1,31;889;0;1998
2.02 Electrical eng, electronic eng;19;1,21;505;0;1999
2.02 Electrical eng, electronic eng;29;2,86;1990;0;2000
2.02 Electrical eng, electronic eng;17;2,45;996;0;2001
2.02 Electrical eng, electronic eng;19;1,34;678;0;2002
2.02 Electrical eng, electronic eng;37;2,33;2115;0;2003
2.02 Electrical eng, electronic eng;43;0,53;577;0;2004
2.02 Electrical eng, electronic eng;39;1,34;1195;0;2005
2.02 Electrical eng, electronic eng;44;0,92;944;0;2006
2.02 Electrical eng, electronic eng;51;1,68;1809;0;2007
2.02 Electrical eng, electronic eng;43;2,40;2052;0;2008
2.02 Electrical eng, electronic eng;61;1,73;2001;2;2009
2.02 Electrical eng, electronic eng;66;1,36;1675;1;2010
2.02 Electrical eng, electronic eng;70;1,25;1653;1;2011
2.02 Electrical eng, electronic eng;115;1,92;3565;2;2012
2.02 Electrical eng, electronic eng;93;1,29;1832;2;2013
2.02 Electrical eng, electronic eng;88;1,24;1543;2;2014
2.02 Electrical eng, electronic eng;88;1,23;1221;1;2015
2.02 Electrical eng, electronic eng;89;1,13;852;1;2016
2.02 Electrical eng, electronic eng;83;1,21;614;1;2017
2.02 Electrical eng, electronic eng;105;2,66;808;5;2018
2.02 Electrical eng, electronic eng;103;2,36;141;2;2019
2.03 Mechanical engineering;1;1,02;13;0;1980
2.03 Mechanical engineering;1;0,98;12;0;1981
2.03 Mechanical engineering;3;0,59;24;0;1982
2.03 Mechanical engineering;8;0,75;73;0;1983
2.03 Mechanical engineering;12;0,52;80;0;1984
2.03 Mechanical engineering;15;0,40;71;0;1985
2.03 Mechanical engineering;5;0,22;15;0;1986
2.03 Mechanical engineering;3;0,20;9;0;1987
2.03 Mechanical engineering;6;0,41;34;0;1988
2.03 Mechanical engineering;7;0,26;24;0;1989
2.03 Mechanical engineering;3;0,40;17;0;1990
2.03 Mechanical engineering;3;0,66;29;0;1991
2.03 Mechanical engineering;3;0,34;16;0;1992
2.03 Mechanical engineering;8;0,52;63;0;1993
2.03 Mechanical engineering;5;2,41;173;0;1994
2.03 Mechanical engineering;2;0,25;7;0;1995
2.03 Mechanical engineering;9;1,72;223;0;1996
2.03 Mechanical engineering;4;1,14;94;0;1997
2.03 Mechanical engineering;8;0,44;56;0;1998
2.03 Mechanical engineering;8;0,99;132;0;1999
2.03 Mechanical engineering;4;0,94;68;0;2000
2.03 Mechanical engineering;5;1,47;128;0;2001
2.03 Mechanical engineering;2;1,26;48;0;2002
2.03 Mechanical engineering;6;1,57;177;0;2003
2.03 Mechanical engineering;16;2,89;907;0;2004
2.03 Mechanical engineering;10;0,76;141;0;2005
2.03 Mechanical engineering;23;1,15;478;0;2006
2.03 Mechanical engineering;18;0,63;203;0;2007
2.03 Mechanical engineering;10;0,56;92;0;2008
2.03 Mechanical engineering;16;1,43;395;0;2009
2.03 Mechanical engineering;15;2,92;664;0;2010
2.03 Mechanical engineering;26;1,41;498;0;2011
2.03 Mechanical engineering;20;1,11;281;0;2012
2.03 Mechanical engineering;22;0,97;250;0;2013
2.03 Mechanical engineering;24;0,61;151;0;2014
2.03 Mechanical engineering;28;1,77;445;1;2015
2.03 Mechanical engineering;27;1,18;223;0;2016
2.03 Mechanical engineering;15;1,04;78;0;2017
2.03 Mechanical engineering;27;0,97;69;0;2018
2.03 Mechanical engineering;29;1,38;26;0;2019
2.04 Chemical engineering;2;1,84;48;0;1980
2.04 Chemical engineering;2;0,49;13;0;1982
2.04 Chemical engineering;1;0,81;11;0;1983
2.04 Chemical engineering;2;2,43;49;0;1984
2.04 Chemical engineering;2;2,40;63;0;1985
2.04 Chemical engineering;5;2,46;179;0;1986
2.04 Chemical engineering;7;1,06;114;0;1987
2.04 Chemical engineering;3;0,22;9;0;1988
2.04 Chemical engineering;4;0,84;48;0;1989
2.04 Chemical engineering;4;0,95;57;0;1990
2.04 Chemical engineering;5;0,69;57;0;1991
2.04 Chemical engineering;5;0,59;49;0;1992
2.04 Chemical engineering;10;1,15;183;0;1993
2.04 Chemical engineering;5;3,03;222;0;1994
2.04 Chemical engineering;11;0,85;129;0;1995
2.04 Chemical engineering;13;1,72;345;0;1996
2.04 Chemical engineering;9;1,25;213;0;1997
2.04 Chemical engineering;13;0,55;149;0;1998
2.04 Chemical engineering;7;0,71;108;0;1999
2.04 Chemical engineering;8;1,20;223;0;2000
2.04 Chemical engineering;11;1,83;763;0;2001
2.04 Chemical engineering;11;1,53;404;0;2002
2.04 Chemical engineering;11;0,47;122;0;2003
2.04 Chemical engineering;10;1,13;288;0;2004
2.04 Chemical engineering;11;1,04;295;0;2005
2.04 Chemical engineering;17;0,83;364;0;2006
2.04 Chemical engineering;21;1,49;790;0;2007
2.04 Chemical engineering;10;0,77;187;0;2008
2.04 Chemical engineering;29;1,15;788;0;2009
2.04 Chemical engineering;31;1,17;820;0;2010
2.04 Chemical engineering;28;1,17;763;0;2011
2.04 Chemical engineering;32;1,35;925;0;2012
2.04 Chemical engineering;38;0,99;705;0;2013
2.04 Chemical engineering;35;0,88;541;0;2014
2.04 Chemical engineering;44;0,89;586;0;2015
2.04 Chemical engineering;49;0,94;526;0;2016
2.04 Chemical engineering;37;0,91;305;0;2017
2.04 Chemical engineering;38;0,97;178;0;2018
2.04 Chemical engineering;38;1,02;42;0;2019
2.05 Materials engineering;2;3,18;96;0;1980
2.05 Materials engineering;1;1,16;18;0;1981
2.05 Materials engineering;5;2,82;209;0;1982
2.05 Materials engineering;1;0,54;8;0;1983
2.05 Materials engineering;3;1,57;75;0;1984
2.05 Materials engineering;2;0,43;14;0;1985
2.05 Materials engineering;4;0,92;66;0;1987
2.05 Materials engineering;7;1,96;286;0;1988
2.05 Materials engineering;5;0,21;20;0;1989
2.05 Materials engineering;4;1,13;84;0;1990
2.05 Materials engineering;5;0,99;95;0;1991
2.05 Materials engineering;10;0,49;99;0;1992
2.05 Materials engineering;17;1,88;608;0;1993
2.05 Materials engineering;9;1,76;357;0;1994
2.05 Materials engineering;11;3,70;804;0;1995
2.05 Materials engineering;17;0,77;293;0;1996
2.05 Materials engineering;16;1,46;489;0;1997
2.05 Materials engineering;9;2,93;586;0;1998
2.05 Materials engineering;12;3,36;982;0;1999
2.05 Materials engineering;19;3,48;1658;0;2000
2.05 Materials engineering;18;2,07;913;0;2001
2.05 Materials engineering;10;2,50;642;0;2002
2.05 Materials engineering;23;1,38;856;0;2003
2.05 Materials engineering;16;3,36;1413;0;2004
2.05 Materials engineering;27;1,45;1332;0;2005
2.05 Materials engineering;26;1,17;817;0;2006
2.05 Materials engineering;19;1,83;1266;0;2007
2.05 Materials engineering;34;1,18;1084;0;2008
2.05 Materials engineering;38;1,03;1039;0;2009
2.05 Materials engineering;38;0,82;1009;0;2010
2.05 Materials engineering;60;0,93;1932;1;2011
2.05 Materials engineering;53;1,01;1282;0;2012
2.05 Materials engineering;75;0,80;1253;0;2013
2.05 Materials engineering;85;0,65;1064;0;2014
2.05 Materials engineering;68;0,77;895;0;2015
2.05 Materials engineering;82;0,78;811;0;2016
2.05 Materials engineering;79;0,93;656;1;2017
2.05 Materials engineering;89;0,88;401;0;2018
2.05 Materials engineering;109;1,25;127;1;2019
2.06 Medical engineering;1;0,58;14;0;1985
2.06 Medical engineering;2;0,16;8;0;1990
2.06 Medical engineering;1;0,18;5;0;1991
2.06 Medical engineering;1;0,05;3;0;1992
2.06 Medical engineering;3;0,35;31;0;1993
2.06 Medical engineering;4;1,12;123;0;1994
2.06 Medical engineering;11;0,76;226;0;1995
2.06 Medical engineering;2;0,98;58;0;1996
2.06 Medical engineering;5;1,02;70;0;1997
2.06 Medical engineering;5;0,35;57;0;1998
2.06 Medical engineering;5;0,88;147;0;1999
2.06 Medical engineering;6;0,50;108;0;2000
2.06 Medical engineering;5;0,75;159;0;2001
2.06 Medical engineering;3;1,17;133;0;2002
2.06 Medical engineering;6;0,49;111;0;2003
2.06 Medical engineering;8;0,42;133;0;2004
2.06 Medical engineering;7;1,59;425;0;2005
2.06 Medical engineering;10;1,18;447;0;2006
2.06 Medical engineering;11;0,74;241;0;2007
2.06 Medical engineering;16;0,75;370;0;2008
2.06 Medical engineering;7;0,71;147;0;2009
2.06 Medical engineering;14;0,78;318;0;2010
2.06 Medical engineering;21;1,01;488;0;2011
2.06 Medical engineering;27;1,14;652;0;2012
2.06 Medical engineering;23;1,13;473;0;2013
2.06 Medical engineering;33;0,88;472;0;2014
2.06 Medical engineering;25;1,48;455;0;2015
2.06 Medical engineering;37;1,13;388;0;2016
2.06 Medical engineering;25;1,80;266;0;2017
2.06 Medical engineering;26;1,34;104;0;2018
2.06 Medical engineering;28;0,76;13;0;2019
2.07 Environmental engineering;2;2,33;48;0;1980
2.07 Environmental engineering;2;0,16;3;0;1981
2.07 Environmental engineering;3;0,58;18;0;1982
2.07 Environmental engineering;2;2,92;49;0;1984
2.07 Environmental engineering;2;2,68;63;0;1985
2.07 Environmental engineering;3;1,05;40;0;1986
2.07 Environmental engineering;7;1,16;237;0;1987
2.07 Environmental engineering;3;0,21;9;0;1988
2.07 Environmental engineering;3;0,78;32;0;1989
2.07 Environmental engineering;2;1,37;43;0;1990
2.07 Environmental engineering;4;0,88;52;0;1991
2.07 Environmental engineering;4;1,62;112;0;1992
2.07 Environmental engineering;4;2,59;188;0;1993
2.07 Environmental engineering;2;1,28;43;0;1994
2.07 Environmental engineering;9;1,14;196;0;1995
2.07 Environmental engineering;5;1,63;168;0;1996
2.07 Environmental engineering;8;0,84;156;0;1997
2.07 Environmental engineering;9;0,59;138;0;1998
2.07 Environmental engineering;11;0,85;235;0;1999
2.07 Environmental engineering;5;3,76;533;0;2000
2.07 Environmental engineering;12;1,51;856;0;2001
2.07 Environmental engineering;16;1,19;633;0;2002
2.07 Environmental engineering;6;1,78;359;0;2003
2.07 Environmental engineering;6;1,17;240;0;2004
2.07 Environmental engineering;21;1,14;779;0;2005
2.07 Environmental engineering;27;0,75;813;0;2006
2.07 Environmental engineering;28;0,92;938;0;2007
2.07 Environmental engineering;38;0,79;1072;0;2008
2.07 Environmental engineering;42;1,07;1635;0;2009
2.07 Environmental engineering;51;0,92;1763;1;2010
2.07 Environmental engineering;52;1,00;1698;1;2011
2.07 Environmental engineering;66;1,71;3029;3;2012
2.07 Environmental engineering;61;1,05;1587;0;2013
2.07 Environmental engineering;79;0,89;1478;1;2014
2.07 Environmental engineering;93;0,71;1240;1;2015
2.07 Environmental engineering;106;0,94;1515;2;2016
2.07 Environmental engineering;110;0,85;942;1;2017
2.07 Environmental engineering;110;0,91;528;0;2018
2.07 Environmental engineering;129;0,76;105;0;2019
2.08 Environmental biotechnology;3;1,13;88;0;1980
2.08 Environmental biotechnology;1;0,47;12;0;1981
2.08 Environmental biotechnology;3;0,87;67;0;1982
2.08 Environmental biotechnology;2;0,59;35;0;1983
2.08 Environmental biotechnology;3;0,46;37;0;1984
2.08 Environmental biotechnology;2;0,52;30;0;1985
2.08 Environmental biotechnology;8;1,00;225;0;1986
2.08 Environmental biotechnology;14;0,67;322;0;1987
2.08 Environmental biotechnology;8;0,73;157;0;1988
2.08 Environmental biotechnology;7;0,88;174;0;1989
2.08 Environmental biotechnology;14;0,34;151;0;1990
2.08 Environmental biotechnology;10;0,60;184;0;1991
2.08 Environmental biotechnology;3;0,20;19;0;1992
2.08 Environmental biotechnology;11;2,97;1032;0;1993
2.08 Environmental biotechnology;11;0,89;259;0;1994
2.08 Environmental biotechnology;15;0,71;300;0;1995
2.08 Environmental biotechnology;16;1,08;517;0;1996
2.08 Environmental biotechnology;11;0,51;173;0;1997
2.08 Environmental biotechnology;9;1,14;358;0;1998
2.08 Environmental biotechnology;12;1,03;460;0;1999
2.08 Environmental biotechnology;9;1,49;524;0;2000
2.08 Environmental biotechnology;10;1,24;500;0;2001
2.08 Environmental biotechnology;20;1,28;1022;0;2002
2.08 Environmental biotechnology;12;1,32;789;0;2003
2.08 Environmental biotechnology;14;0,86;515;0;2004
2.08 Environmental biotechnology;12;0,87;434;0;2005
2.08 Environmental biotechnology;25;0,93;1024;0;2006
2.08 Environmental biotechnology;18;1,06;682;0;2007
2.08 Environmental biotechnology;30;0,83;940;0;2008
2.08 Environmental biotechnology;36;0,64;760;0;2009
2.08 Environmental biotechnology;32;0,87;852;0;2010
2.08 Environmental biotechnology;19;0,75;379;0;2011
2.08 Environmental biotechnology;29;1,15;800;0;2012
2.08 Environmental biotechnology;29;0,97;578;0;2013
2.08 Environmental biotechnology;35;0,74;484;0;2014
2.08 Environmental biotechnology;47;1,04;803;1;2015
2.08 Environmental biotechnology;25;0,90;239;0;2016
2.08 Environmental biotechnology;40;1,24;314;0;2017
2.08 Environmental biotechnology;31;1,16;133;0;2018
2.08 Environmental biotechnology;30;0,86;18;0;2019
2.09 Industrial biotechnology;1;0,19;8;0;1993
2.09 Industrial biotechnology;1;0,43;15;0;1994
2.09 Industrial biotechnology;6;0,39;98;0;1995
2.09 Industrial biotechnology;3;0,39;53;0;1996
2.09 Industrial biotechnology;2;0,29;26;0;1997
2.09 Industrial biotechnology;4;0,24;52;0;1998
2.09 Industrial biotechnology;5;0,63;179;0;1999
2.09 Industrial biotechnology;2;0,61;67;0;2000
2.09 Industrial biotechnology;7;0,70;302;0;2001
2.09 Industrial biotechnology;4;0,77;185;0;2002
2.09 Industrial biotechnology;4;0,80;170;0;2003
2.09 Industrial biotechnology;2;0,31;31;0;2004
2.09 Industrial biotechnology;6;1,20;352;0;2005
2.09 Industrial biotechnology;9;1,52;667;0;2006
2.09 Industrial biotechnology;11;0,81;386;0;2007
2.09 Industrial biotechnology;10;0,66;274;0;2008
2.09 Industrial biotechnology;7;1,21;348;0;2009
2.09 Industrial biotechnology;5;0,93;187;0;2010
2.09 Industrial biotechnology;7;1,18;283;0;2011
2.09 Industrial biotechnology;9;0,99;259;0;2012
2.09 Industrial biotechnology;10;1,02;261;0;2013
2.09 Industrial biotechnology;16;0,94;308;0;2014
2.09 Industrial biotechnology;14;0,85;195;0;2015
2.09 Industrial biotechnology;18;1,06;241;0;2016
2.09 Industrial biotechnology;11;1,20;110;0;2017
2.09 Industrial biotechnology;11;0,94;43;0;2018
2.09 Industrial biotechnology;19;1,07;17;0;2019
2.1 Nano-technology;1;1,19;23;0;1991
2.1 Nano-technology;1;0,04;1;0;1995
2.1 Nano-technology;2;0,00;0;0;1998
2.1 Nano-technology;1;0,03;1;0;2000
2.1 Nano-technology;1;0,02;1;0;2001
2.1 Nano-technology;1;0,18;9;0;2003
2.1 Nano-technology;2;0,65;58;0;2004
2.1 Nano-technology;3;0,66;89;0;2005
2.1 Nano-technology;1;2,23;89;0;2006
2.1 Nano-technology;2;1,07;95;0;2007
2.1 Nano-technology;9;0,73;287;0;2008
2.1 Nano-technology;5;0,45;93;0;2009
2.1 Nano-technology;6;0,61;157;0;2010
2.1 Nano-technology;13;0,67;315;0;2011
2.1 Nano-technology;19;0,49;321;0;2012
2.1 Nano-technology;14;0,65;279;0;2013
2.1 Nano-technology;24;0,37;258;0;2014
2.1 Nano-technology;20;0,53;252;0;2015
2.1 Nano-technology;22;0,66;281;0;2016
2.1 Nano-technology;20;0,81;211;0;2017
2.1 Nano-technology;23;0,80;127;1;2018
2.1 Nano-technology;40;1,54;76;1;2019
2.11 Other engineering and technologies;4;0,43;14;0;1980
2.11 Other engineering and technologies;2;3,49;79;0;1981
2.11 Other engineering and technologies;2;3,35;78;0;1982
2.11 Other engineering and technologies;2;0,05;1;0;1983
2.11 Other engineering and technologies;4;0,43;18;0;1984
2.11 Other engineering and technologies;2;0,38;9;0;1985
2.11 Other engineering and technologies;6;0,66;56;0;1986
2.11 Other engineering and technologies;13;0,70;130;0;1987
2.11 Other engineering and technologies;5;0,40;29;0;1988
2.11 Other engineering and technologies;3;0,29;12;0;1989
2.11 Other engineering and technologies;5;0,33;26;0;1990
2.11 Other engineering and technologies;9;0,38;56;0;1991
2.11 Other engineering and technologies;9;0,50;79;0;1992
2.11 Other engineering and technologies;12;0,95;201;0;1993
2.11 Other engineering and technologies;17;0,92;265;0;1994
2.11 Other engineering and technologies;22;0,94;386;0;1995
2.11 Other engineering and technologies;22;0,82;362;0;1996
2.11 Other engineering and technologies;22;0,95;436;0;1997
2.11 Other engineering and technologies;25;1,69;906;0;1998
2.11 Other engineering and technologies;25;0,95;534;0;1999
2.11 Other engineering and technologies;42;0,77;791;0;2000
2.11 Other engineering and technologies;26;0,96;629;0;2001
2.11 Other engineering and technologies;27;0,94;671;0;2002
2.11 Other engineering and technologies;43;0,99;1222;0;2003
2.11 Other engineering and technologies;46;1,14;1300;0;2004
2.11 Other engineering and technologies;44;1,31;1463;0;2005
2.11 Other engineering and technologies;59;1,18;1629;0;2006
2.11 Other engineering and technologies;54;1,23;1584;0;2007
2.11 Other engineering and technologies;61;1,08;1366;0;2008
2.11 Other engineering and technologies;75;1,31;2041;1;2009
2.11 Other engineering and technologies;95;1,14;2153;0;2010
2.11 Other engineering and technologies;93;1,60;2608;2;2011
2.11 Other engineering and technologies;126;1,76;3379;2;2012
2.11 Other engineering and technologies;125;1,37;2334;0;2013
2.11 Other engineering and technologies;124;1,38;2252;1;2014
2.11 Other engineering and technologies;170;1,35;2463;4;2015
2.11 Other engineering and technologies;135;1,28;1504;6;2016
2.11 Other engineering and technologies;155;1,20;1074;3;2017
2.11 Other engineering and technologies;152;1,41;667;2;2018
2.11 Other engineering and technologies;143;1,05;92;1;2019
3 MEDICAL AND HEALTH SCIENCES;63;0,11;161;0;1980
3 MEDICAL AND HEALTH SCIENCES;31;0,28;194;0;1981
3 MEDICAL AND HEALTH SCIENCES;45;0,12;126;0;1982
3 MEDICAL AND HEALTH SCIENCES;34;0,28;244;0;1983
3 MEDICAL AND HEALTH SCIENCES;38;0,29;280;0;1984
3 MEDICAL AND HEALTH SCIENCES;32;0,41;339;0;1985
3 MEDICAL AND HEALTH SCIENCES;44;0,62;637;0;1986
3 MEDICAL AND HEALTH SCIENCES;56;0,54;643;0;1987
3 MEDICAL AND HEALTH SCIENCES;74;0,35;677;0;1988
3 MEDICAL AND HEALTH SCIENCES;71;0,32;570;0;1989
3 MEDICAL AND HEALTH SCIENCES;88;0,56;1236;0;1990
3 MEDICAL AND HEALTH SCIENCES;107;0,51;1410;0;1991
3 MEDICAL AND HEALTH SCIENCES;112;0,53;1674;0;1992
3 MEDICAL AND HEALTH SCIENCES;153;0,72;3746;0;1993
3 MEDICAL AND HEALTH SCIENCES;149;0,63;2760;0;1994
3 MEDICAL AND HEALTH SCIENCES;159;1,45;6008;0;1995
3 MEDICAL AND HEALTH SCIENCES;156;1,02;5356;0;1996
3 MEDICAL AND HEALTH SCIENCES;148;0,66;3537;0;1997
3 MEDICAL AND HEALTH SCIENCES;151;0,80;4501;0;1998
3 MEDICAL AND HEALTH SCIENCES;142;0,98;3883;0;1999
3 MEDICAL AND HEALTH SCIENCES;160;0,71;4518;0;2000
3 MEDICAL AND HEALTH SCIENCES;157;0,89;5125;0;2001
3 MEDICAL AND HEALTH SCIENCES;171;0,91;6029;0;2002
3 MEDICAL AND HEALTH SCIENCES;199;0,67;5635;0;2003
3 MEDICAL AND HEALTH SCIENCES;173;0,75;5853;0;2004
3 MEDICAL AND HEALTH SCIENCES;243;0,85;8162;0;2005
3 MEDICAL AND HEALTH SCIENCES;286;0,91;10151;0;2006
3 MEDICAL AND HEALTH SCIENCES;324;1,35;12211;0;2007
3 MEDICAL AND HEALTH SCIENCES;337;1,08;11871;0;2008
3 MEDICAL AND HEALTH SCIENCES;377;1,05;11080;2;2009
3 MEDICAL AND HEALTH SCIENCES;484;1,05;12902;6;2010
3 MEDICAL AND HEALTH SCIENCES;598;1,06;14362;5;2011
3 MEDICAL AND HEALTH SCIENCES;651;1,10;14815;8;2012
3 MEDICAL AND HEALTH SCIENCES;703;1,03;13036;7;2013
3 MEDICAL AND HEALTH SCIENCES;724;0,93;10243;6;2014
3 MEDICAL AND HEALTH SCIENCES;842;1,07;10925;8;2015
3 MEDICAL AND HEALTH SCIENCES;865;1,10;8544;8;2016
3 MEDICAL AND HEALTH SCIENCES;900;1,13;5903;7;2017
3 MEDICAL AND HEALTH SCIENCES;998;1,44;4019;16;2018
3 MEDICAL AND HEALTH SCIENCES;956;1,41;812;10;2019
3.01 Basic medical research;23;0,15;99;0;1980
3.01 Basic medical research;11;0,13;43;0;1981
3.01 Basic medical research;18;0,12;59;0;1982
3.01 Basic medical research;21;0,31;200;0;1983
3.01 Basic medical research;17;0,29;146;0;1984
3.01 Basic medical research;19;0,37;209;0;1985
3.01 Basic medical research;27;0,45;382;0;1986
3.01 Basic medical research;23;0,59;404;0;1987
3.01 Basic medical research;37;0,35;401;0;1988
3.01 Basic medical research;41;0,32;397;0;1989
3.01 Basic medical research;43;0,46;634;0;1990
3.01 Basic medical research;48;0,46;777;0;1991
3.01 Basic medical research;56;0,47;890;0;1992
3.01 Basic medical research;86;0,70;2354;0;1993
3.01 Basic medical research;70;0,35;837;0;1994
3.01 Basic medical research;78;1,23;3833;0;1995
3.01 Basic medical research;74;1,13;3151;0;1996
3.01 Basic medical research;63;0,61;1814;0;1997
3.01 Basic medical research;56;0,72;1765;0;1998
3.01 Basic medical research;53;0,94;1523;0;1999
3.01 Basic medical research;85;0,63;2421;0;2000
3.01 Basic medical research;66;0,81;2291;0;2001
3.01 Basic medical research;72;0,72;2204;0;2002
3.01 Basic medical research;81;0,62;2354;0;2003
3.01 Basic medical research;71;0,81;2862;0;2004
3.01 Basic medical research;106;0,75;3507;0;2005
3.01 Basic medical research;104;0,77;3278;0;2006
3.01 Basic medical research;134;1,45;6087;0;2007
3.01 Basic medical research;131;0,81;3748;0;2008
3.01 Basic medical research;148;1,07;4695;1;2009
3.01 Basic medical research;187;0,82;4397;0;2010
3.01 Basic medical research;184;0,88;4333;1;2011
3.01 Basic medical research;209;1,01;5055;1;2012
3.01 Basic medical research;210;0,94;4055;3;2013
3.01 Basic medical research;231;0,91;3596;3;2014
3.01 Basic medical research;236;0,97;3202;1;2015
3.01 Basic medical research;243;1,03;2463;1;2016
3.01 Basic medical research;258;1,10;1764;2;2017
3.01 Basic medical research;270;1,26;1091;4;2018
3.01 Basic medical research;248;1,02;162;0;2019
3.02 Clinical medicine;39;0,07;59;0;1980
3.02 Clinical medicine;18;0,30;121;0;1981
3.02 Clinical medicine;24;0,09;38;0;1982
3.02 Clinical medicine;11;0,04;11;0;1983
3.02 Clinical medicine;17;0,16;68;0;1984
3.02 Clinical medicine;8;0,50;99;0;1985
3.02 Clinical medicine;13;0,78;163;0;1986
3.02 Clinical medicine;24;0,37;214;0;1987
3.02 Clinical medicine;34;0,38;315;0;1988
3.02 Clinical medicine;21;0,30;120;0;1989
3.02 Clinical medicine;37;0,45;363;0;1990
3.02 Clinical medicine;51;0,58;635;0;1991
3.02 Clinical medicine;48;0,68;822;0;1992
3.02 Clinical medicine;55;0,70;1278;0;1993
3.02 Clinical medicine;54;0,99;1494;0;1994
3.02 Clinical medicine;66;1,98;2018;0;1995
3.02 Clinical medicine;64;0,95;1901;0;1996
3.02 Clinical medicine;69;0,77;1628;0;1997
3.02 Clinical medicine;81;0,93;2590;0;1998
3.02 Clinical medicine;68;1,44;2121;0;1999
3.02 Clinical medicine;65;0,76;1808;0;2000
3.02 Clinical medicine;69;1,15;2704;0;2001
3.02 Clinical medicine;80;1,10;3217;0;2002
3.02 Clinical medicine;86;0,74;2433;0;2003
3.02 Clinical medicine;71;0,83;2552;0;2004
3.02 Clinical medicine;112;0,89;3999;0;2005
3.02 Clinical medicine;111;1,06;4195;0;2006
3.02 Clinical medicine;136;1,22;5472;0;2007
3.02 Clinical medicine;157;1,44;7101;0;2008
3.02 Clinical medicine;160;1,11;5164;0;2009
3.02 Clinical medicine;194;1,22;6036;3;2010
3.02 Clinical medicine;261;1,10;6353;1;2011
3.02 Clinical medicine;287;1,27;7430;3;2012
3.02 Clinical medicine;299;1,11;5872;4;2013
3.02 Clinical medicine;303;0,96;4525;2;2014
3.02 Clinical medicine;342;1,28;5287;5;2015
3.02 Clinical medicine;401;1,17;4268;3;2016
3.02 Clinical medicine;388;1,23;2779;2;2017
3.02 Clinical medicine;404;1,72;1946;9;2018
3.02 Clinical medicine;351;1,40;301;3;2019
3.03 Health sciences;1;0,17;3;0;1980
3.03 Health sciences;2;1,61;30;0;1981
3.03 Health sciences;4;0,46;39;0;1982
3.03 Health sciences;5;0,43;41;0;1983
3.03 Health sciences;8;0,69;105;0;1984
3.03 Health sciences;8;0,49;83;0;1985
3.03 Health sciences;11;0,89;209;0;1986
3.03 Health sciences;18;0,94;208;0;1987
3.03 Health sciences;16;0,44;159;0;1988
3.03 Health sciences;12;0,34;93;0;1989
3.03 Health sciences;12;1,11;282;0;1990
3.03 Health sciences;12;0,61;135;0;1991
3.03 Health sciences;18;0,39;155;0;1992
3.03 Health sciences;28;1,16;766;0;1993
3.03 Health sciences;37;0,61;603;0;1994
3.03 Health sciences;37;2,73;3035;0;1995
3.03 Health sciences;43;1,36;1719;0;1996
3.03 Health sciences;38;0,56;645;0;1997
3.03 Health sciences;28;0,60;556;0;1998
3.03 Health sciences;35;0,84;959;0;1999
3.03 Health sciences;32;0,99;1107;0;2000
3.03 Health sciences;46;0,71;1132;0;2001
3.03 Health sciences;46;0,84;1300;0;2002
3.03 Health sciences;58;0,66;1546;0;2003
3.03 Health sciences;48;0,68;1350;0;2004
3.03 Health sciences;77;0,90;2403;0;2005
3.03 Health sciences;103;0,99;3867;0;2006
3.03 Health sciences;88;1,02;2638;0;2007
3.03 Health sciences;95;1,26;3904;0;2008
3.03 Health sciences;119;1,09;3340;1;2009
3.03 Health sciences;151;1,37;4831;5;2010
3.03 Health sciences;221;1,30;5775;4;2011
3.03 Health sciences;243;1,14;5142;6;2012
3.03 Health sciences;279;1,04;4490;1;2013
3.03 Health sciences;269;1,04;3636;4;2014
3.03 Health sciences;344;1,08;3863;3;2015
3.03 Health sciences;326;1,17;2929;4;2016
3.03 Health sciences;367;1,26;2268;5;2017
3.03 Health sciences;426;1,42;1403;5;2018
3.03 Health sciences;453;1,75;418;7;2019
4 AGRICULTURAL SCIENCES;3;0,06;2;0;1980
4 AGRICULTURAL SCIENCES;5;1,79;104;0;1981
4 AGRICULTURAL SCIENCES;6;1,48;106;0;1982
4 AGRICULTURAL SCIENCES;5;0,92;57;0;1983
4 AGRICULTURAL SCIENCES;4;0,56;31;0;1984
4 AGRICULTURAL SCIENCES;6;0,78;64;0;1985
4 AGRICULTURAL SCIENCES;5;1,95;94;0;1986
4 AGRICULTURAL SCIENCES;9;1,64;288;0;1987
4 AGRICULTURAL SCIENCES;10;1,47;177;0;1988
4 AGRICULTURAL SCIENCES;8;0,71;90;0;1989
4 AGRICULTURAL SCIENCES;6;0,26;16;0;1990
4 AGRICULTURAL SCIENCES;14;0,58;148;0;1991
4 AGRICULTURAL SCIENCES;22;0,62;215;0;1992
4 AGRICULTURAL SCIENCES;23;0,70;310;0;1993
4 AGRICULTURAL SCIENCES;36;0,99;688;0;1994
4 AGRICULTURAL SCIENCES;24;0,96;481;0;1995
4 AGRICULTURAL SCIENCES;34;1,05;740;0;1996
4 AGRICULTURAL SCIENCES;22;1,20;562;0;1997
4 AGRICULTURAL SCIENCES;28;0,99;599;0;1998
4 AGRICULTURAL SCIENCES;36;1,71;1529;0;1999
4 AGRICULTURAL SCIENCES;41;1,06;1075;0;2000
4 AGRICULTURAL SCIENCES;30;1,24;919;0;2001
4 AGRICULTURAL SCIENCES;37;1,12;1041;0;2002
4 AGRICULTURAL SCIENCES;34;1,94;1757;0;2003
4 AGRICULTURAL SCIENCES;43;1,19;1292;0;2004
4 AGRICULTURAL SCIENCES;45;1,75;2299;0;2005
4 AGRICULTURAL SCIENCES;39;1,74;1510;0;2006
4 AGRICULTURAL SCIENCES;58;1,78;2112;0;2007
4 AGRICULTURAL SCIENCES;67;1,59;2007;0;2008
4 AGRICULTURAL SCIENCES;73;1,60;2100;1;2009
4 AGRICULTURAL SCIENCES;88;3,26;4918;1;2010
4 AGRICULTURAL SCIENCES;85;1,72;2303;2;2011
4 AGRICULTURAL SCIENCES;80;2,18;2251;0;2012
4 AGRICULTURAL SCIENCES;104;1,61;2023;0;2013
4 AGRICULTURAL SCIENCES;102;1,63;1806;1;2014
4 AGRICULTURAL SCIENCES;127;1,73;1988;3;2015
4 AGRICULTURAL SCIENCES;101;1,63;1136;4;2016
4 AGRICULTURAL SCIENCES;129;1,78;994;4;2017
4 AGRICULTURAL SCIENCES;130;1,96;607;2;2018
4 AGRICULTURAL SCIENCES;99;1,38;68;2;2019
4.01 Agriculture, forestry, fisheries;2;0,04;1;0;1980
4.01 Agriculture, forestry, fisheries;3;0,88;33;0;1981
4.01 Agriculture, forestry, fisheries;3;0,44;17;0;1982
4.01 Agriculture, forestry, fisheries;3;1,13;47;0;1983
4.01 Agriculture, forestry, fisheries;3;0,67;31;0;1984
4.01 Agriculture, forestry, fisheries;4;0,89;55;0;1985
4.01 Agriculture, forestry, fisheries;3;2,48;66;0;1986
4.01 Agriculture, forestry, fisheries;2;2,26;173;0;1987
4.01 Agriculture, forestry, fisheries;6;2,04;149;0;1988
4.01 Agriculture, forestry, fisheries;6;0,84;89;0;1989
4.01 Agriculture, forestry, fisheries;4;0,34;14;0;1990
4.01 Agriculture, forestry, fisheries;10;0,71;141;0;1991
4.01 Agriculture, forestry, fisheries;14;0,69;143;0;1992
4.01 Agriculture, forestry, fisheries;18;0,73;281;0;1993
4.01 Agriculture, forestry, fisheries;28;1,03;626;0;1994
4.01 Agriculture, forestry, fisheries;14;0,85;275;0;1995
4.01 Agriculture, forestry, fisheries;25;1,00;597;0;1996
4.01 Agriculture, forestry, fisheries;17;1,18;506;0;1997
4.01 Agriculture, forestry, fisheries;16;0,99;407;0;1998
4.01 Agriculture, forestry, fisheries;26;1,44;1037;0;1999
4.01 Agriculture, forestry, fisheries;23;0,73;503;0;2000
4.01 Agriculture, forestry, fisheries;18;0,91;488;0;2001
4.01 Agriculture, forestry, fisheries;26;0,92;709;0;2002
4.01 Agriculture, forestry, fisheries;22;2,01;1274;0;2003
4.01 Agriculture, forestry, fisheries;27;1,13;892;0;2004
4.01 Agriculture, forestry, fisheries;24;1,77;1491;0;2005
4.01 Agriculture, forestry, fisheries;23;1,66;929;0;2006
4.01 Agriculture, forestry, fisheries;33;1,71;1167;0;2007
4.01 Agriculture, forestry, fisheries;31;1,97;1124;0;2008
4.01 Agriculture, forestry, fisheries;34;1,32;869;1;2009
4.01 Agriculture, forestry, fisheries;45;5,33;3987;1;2010
4.01 Agriculture, forestry, fisheries;36;1,50;757;0;2011
4.01 Agriculture, forestry, fisheries;35;1,83;822;0;2012
4.01 Agriculture, forestry, fisheries;38;1,42;673;0;2013
4.01 Agriculture, forestry, fisheries;36;1,23;422;0;2014
4.01 Agriculture, forestry, fisheries;40;1,69;517;0;2015
4.01 Agriculture, forestry, fisheries;42;1,35;403;2;2016
4.01 Agriculture, forestry, fisheries;45;1,32;220;1;2017
4.01 Agriculture, forestry, fisheries;45;1,24;117;0;2018
4.01 Agriculture, forestry, fisheries;33;1,08;19;1;2019
4.02 Animal and dairy science;2;2,59;71;0;1981
4.02 Animal and dairy science;2;2,76;78;0;1982
4.02 Animal and dairy science;3;0,30;11;0;1992
4.02 Animal and dairy science;1;0,75;17;0;1995
4.02 Animal and dairy science;1;0,93;19;0;1998
4.02 Animal and dairy science;3;1,43;193;0;1999
4.02 Animal and dairy science;2;1,69;71;0;2000
4.02 Animal and dairy science;3;2,52;154;0;2001
4.02 Animal and dairy science;3;2,66;168;0;2002
4.02 Animal and dairy science;2;1,23;53;0;2003
4.02 Animal and dairy science;3;2,28;129;0;2005
4.02 Animal and dairy science;1;1,75;34;0;2006
4.02 Animal and dairy science;1;0,49;8;0;2007
4.02 Animal and dairy science;1;0,63;10;0;2008
4.02 Animal and dairy science;1;1,12;16;0;2009
4.02 Animal and dairy science;1;0,44;6;0;2010
4.02 Animal and dairy science;3;0,72;27;0;2011
4.02 Animal and dairy science;1;3,41;36;0;2012
4.02 Animal and dairy science;4;1,33;51;0;2013
4.02 Animal and dairy science;2;0,72;11;0;2014
4.02 Animal and dairy science;4;1,21;30;0;2015
4.02 Animal and dairy science;3;1,45;20;0;2016
4.02 Animal and dairy science;3;0,57;5;0;2017
4.02 Animal and dairy science;3;2,51;11;0;2018
4.02 Animal and dairy science;2;0,00;0;0;2019
4.03 Veterinary science;1;0,00;0;0;1981
4.03 Veterinary science;1;1,05;11;0;1982
4.03 Veterinary science;1;0,81;9;0;1983
4.03 Veterinary science;1;0,27;3;0;1985
4.03 Veterinary science;1;0,50;6;0;1986
4.03 Veterinary science;1;0,08;1;0;1989
4.03 Veterinary science;2;1,05;31;0;1992
4.03 Veterinary science;3;0,47;21;0;1993
4.03 Veterinary science;1;0,34;3;0;1994
4.03 Veterinary science;1;0,06;1;0;1995
4.03 Veterinary science;4;0,50;29;0;1996
4.03 Veterinary science;2;0,25;7;0;1997
4.03 Veterinary science;5;0,60;43;0;1998
4.03 Veterinary science;2;1,61;48;0;1999
4.03 Veterinary science;2;0,56;18;0;2000
4.03 Veterinary science;1;0,13;2;0;2001
4.03 Veterinary science;1;0,12;2;0;2002
4.03 Veterinary science;1;0,65;10;0;2003
4.03 Veterinary science;3;2,17;103;0;2004
4.03 Veterinary science;1;2,20;33;0;2005
4.03 Veterinary science;1;6,03;80;0;2007
4.03 Veterinary science;2;1,91;50;0;2008
4.03 Veterinary science;4;0,73;36;0;2009
4.03 Veterinary science;4;0,99;29;0;2010
4.03 Veterinary science;2;0,65;13;0;2011
4.03 Veterinary science;1;1,50;13;0;2012
4.03 Veterinary science;5;1,74;75;0;2013
4.03 Veterinary science;2;2,42;32;0;2014
4.03 Veterinary science;1;1,10;6;0;2015
4.03 Veterinary science;3;0,76;9;0;2016
4.03 Veterinary science;4;0,72;8;0;2017
4.03 Veterinary science;4;1,46;8;0;2018
4.05 Other agricultural science;2;0,10;2;0;1980
4.05 Other agricultural science;2;3,69;79;0;1981
4.05 Other agricultural science;2;3,40;78;0;1982
4.05 Other agricultural science;2;0,04;1;0;1983
4.05 Other agricultural science;1;0,00;0;0;1984
4.05 Other agricultural science;1;0,44;6;0;1985
4.05 Other agricultural science;1;1,41;22;0;1986
4.05 Other agricultural science;7;1,05;115;0;1987
4.05 Other agricultural science;4;0,44;28;0;1988
4.05 Other agricultural science;1;0,00;0;0;1989
4.05 Other agricultural science;2;0,05;2;0;1990
4.05 Other agricultural science;7;0,33;50;0;1991
4.05 Other agricultural science;7;0,43;59;0;1992
4.05 Other agricultural science;6;0,98;125;0;1993
4.05 Other agricultural science;10;0,68;144;0;1994
4.05 Other agricultural science;13;1,08;332;0;1995
4.05 Other agricultural science;12;0,99;277;0;1996
4.05 Other agricultural science;13;0,88;285;0;1997
4.05 Other agricultural science;11;0,70;206;0;1998
4.05 Other agricultural science;12;1,17;415;0;1999
4.05 Other agricultural science;23;1,05;749;0;2000
4.05 Other agricultural science;19;0,90;528;0;2001
4.05 Other agricultural science;18;0,74;444;0;2002
4.05 Other agricultural science;15;1,37;789;0;2003
4.05 Other agricultural science;24;0,86;653;0;2004
4.05 Other agricultural science;22;1,21;931;0;2005
4.05 Other agricultural science;23;1,27;837;0;2006
4.05 Other agricultural science;30;1,39;1169;0;2007
4.05 Other agricultural science;41;1,00;1074;0;2008
4.05 Other agricultural science;44;1,43;1535;1;2009
4.05 Other agricultural science;52;0,99;1251;0;2010
4.05 Other agricultural science;55;1,47;1768;2;2011
4.05 Other agricultural science;55;1,89;1811;0;2012
4.05 Other agricultural science;71;1,38;1562;0;2013
4.05 Other agricultural science;73;1,40;1510;1;2014
4.05 Other agricultural science;104;1,42;1808;3;2015
4.05 Other agricultural science;66;1,42;893;4;2016
4.05 Other agricultural science;92;1,57;835;3;2017
4.05 Other agricultural science;88;1,63;488;2;2018
4.05 Other agricultural science;72;1,16;53;1;2019
5 SOCIAL SCIENCES;1;1,50;23;0;1980
5 SOCIAL SCIENCES;1;0,00;0;0;1981
5 SOCIAL SCIENCES;5;1,44;122;0;1983
5 SOCIAL SCIENCES;2;0,34;13;0;1985
5 SOCIAL SCIENCES;9;0,20;50;0;1986
5 SOCIAL SCIENCES;3;0,17;10;0;1987
5 SOCIAL SCIENCES;7;0,94;143;0;1988
5 SOCIAL SCIENCES;10;0,35;78;0;1989
5 SOCIAL SCIENCES;6;0,87;129;0;1990
5 SOCIAL SCIENCES;8;0,22;48;0;1991
5 SOCIAL SCIENCES;12;0,89;269;0;1992
5 SOCIAL SCIENCES;18;0,53;202;0;1993
5 SOCIAL SCIENCES;19;1,08;656;0;1994
5 SOCIAL SCIENCES;21;0,95;541;0;1995
5 SOCIAL SCIENCES;14;0,78;307;0;1996
5 SOCIAL SCIENCES;21;0,96;589;0;1997
5 SOCIAL SCIENCES;27;1,05;827;0;1998
5 SOCIAL SCIENCES;43;0,59;814;0;1999
5 SOCIAL SCIENCES;41;1,27;1806;0;2000
5 SOCIAL SCIENCES;36;0,85;1069;0;2001
5 SOCIAL SCIENCES;49;0,48;864;0;2002
5 SOCIAL SCIENCES;63;1,56;3582;0;2003
5 SOCIAL SCIENCES;62;1,25;2655;0;2004
5 SOCIAL SCIENCES;189;0,67;2982;0;2005
5 SOCIAL SCIENCES;208;0,65;3058;0;2006
5 SOCIAL SCIENCES;245;0,92;4737;0;2007
5 SOCIAL SCIENCES;316;0,68;4152;0;2008
5 SOCIAL SCIENCES;390;0,85;5997;4;2009
5 SOCIAL SCIENCES;463;0,71;4963;1;2010
5 SOCIAL SCIENCES;495;0,88;5848;2;2011
5 SOCIAL SCIENCES;560;1,00;6455;2;2012
5 SOCIAL SCIENCES;619;0,95;5826;5;2013
5 SOCIAL SCIENCES;602;0,85;4082;3;2014
5 SOCIAL SCIENCES;623;0,92;3589;0;2015
5 SOCIAL SCIENCES;633;1,05;3044;3;2016
5 SOCIAL SCIENCES;738;1,03;2122;4;2017
5 SOCIAL SCIENCES;748;1,18;1335;6;2018
5 SOCIAL SCIENCES;655;1,40;392;4;2019
5.01 Psychology;1;0,82;23;0;1980
5.01 Psychology;3;1,07;93;0;1983
5.01 Psychology;6;0,17;50;0;1986
5.01 Psychology;1;0,27;9;0;1987
5.01 Psychology;6;0,68;142;0;1988
5.01 Psychology;7;0,29;68;0;1989
5.01 Psychology;6;0,56;129;0;1990
5.01 Psychology;5;0,19;39;0;1991
5.01 Psychology;10;0,64;260;0;1992
5.01 Psychology;15;0,40;195;0;1993
5.01 Psychology;15;0,80;597;0;1994
5.01 Psychology;12;0,85;408;0;1995
5.01 Psychology;9;0,48;175;0;1996
5.01 Psychology;12;0,86;435;0;1997
5.01 Psychology;17;0,40;285;0;1998
5.01 Psychology;25;0,42;482;0;1999
5.01 Psychology;33;0,86;1378;0;2000
5.01 Psychology;25;0,52;641;0;2001
5.01 Psychology;31;0,37;568;0;2002
5.01 Psychology;39;1,08;2271;0;2003
5.01 Psychology;37;0,86;1474;0;2004
5.01 Psychology;79;0,61;1906;0;2005
5.01 Psychology;67;0,58;1556;0;2006
5.01 Psychology;70;0,60;1555;0;2007
5.01 Psychology;91;0,54;1606;0;2008
5.01 Psychology;122;0,68;2546;1;2009
5.01 Psychology;132;0,72;2429;0;2010
5.01 Psychology;148;0,79;2654;0;2011
5.01 Psychology;155;0,77;2469;1;2012
5.01 Psychology;165;0,79;2297;1;2013
5.01 Psychology;142;0,80;1514;1;2014
5.01 Psychology;147;0,69;1027;0;2015
5.01 Psychology;150;0,84;923;1;2016
5.01 Psychology;181;0,87;695;0;2017
5.01 Psychology;155;0,81;287;1;2018
5.01 Psychology;183;0,81;86;0;2019
5.02 Economics and business;1;0,19;4;0;1983
5.02 Economics and business;1;0,56;13;0;1985
5.02 Economics and business;1;0,04;1;0;1987
5.02 Economics and business;1;0,04;1;0;1988
5.02 Economics and business;2;0,07;8;0;1991
5.02 Economics and business;5;0,48;87;0;1995
5.02 Economics and business;1;2,58;89;0;1996
5.02 Economics and business;4;0,22;32;0;1997
5.02 Economics and business;4;3,34;474;0;1998
5.02 Economics and business;6;0,64;142;0;1999
5.02 Economics and business;2;2,70;219;0;2000
5.02 Economics and business;4;1,90;317;0;2001
5.02 Economics and business;8;0,42;146;0;2002
5.02 Economics and business;12;2,22;1105;0;2003
5.02 Economics and business;10;2,13;914;0;2004
5.02 Economics and business;23;1,07;755;0;2005
5.02 Economics and business;30;0,68;549;0;2006
5.02 Economics and business;33;2,22;1971;0;2007
5.02 Economics and business;48;1,12;1440;0;2008
5.02 Economics and business;64;1,33;1891;2;2009
5.02 Economics and business;72;0,73;999;0;2010
5.02 Economics and business;80;0,88;1089;0;2011
5.02 Economics and business;111;1,33;1981;0;2012
5.02 Economics and business;111;1,41;1799;3;2013
5.02 Economics and business;96;1,27;1134;1;2014
5.02 Economics and business;92;1,60;1175;0;2015
5.02 Economics and business;107;1,55;903;1;2016
5.02 Economics and business;125;1,62;723;3;2017
5.02 Economics and business;110;2,64;530;4;2018
5.02 Economics and business;92;3,13;142;3;2019
5.03 Educational sciences;2;0,00;0;0;1986
5.03 Educational sciences;2;0,42;10;0;1989
5.03 Educational sciences;1;1,94;26;0;1990
5.03 Educational sciences;1;0,07;1;0;1991
5.03 Educational sciences;2;2,36;68;0;1994
5.03 Educational sciences;2;1,28;42;0;1996
5.03 Educational sciences;2;0,61;22;0;1998
5.03 Educational sciences;3;0,76;44;0;1999
5.03 Educational sciences;3;0,58;43;0;2000
5.03 Educational sciences;2;0,09;5;0;2002
5.03 Educational sciences;2;0,35;18;0;2003
5.03 Educational sciences;2;0,11;6;0;2004
5.03 Educational sciences;32;0,12;61;0;2005
5.03 Educational sciences;32;0,32;172;0;2006
5.03 Educational sciences;56;0,55;432;0;2007
5.03 Educational sciences;72;0,31;305;0;2008
5.03 Educational sciences;72;0,49;441;0;2009
5.03 Educational sciences;114;0,24;312;0;2010
5.03 Educational sciences;111;0,62;645;0;2011
5.03 Educational sciences;107;0,47;427;0;2012
5.03 Educational sciences;138;0,73;705;0;2013
5.03 Educational sciences;131;0,40;308;0;2014
5.03 Educational sciences;138;0,62;374;0;2015
5.03 Educational sciences;130;0,84;327;0;2016
5.03 Educational sciences;166;0,50;155;0;2017
5.03 Educational sciences;155;0,77;121;0;2018
5.03 Educational sciences;144;0,96;39;0;2019
5.04 Sociology;1;0,28;6;0;1988
5.04 Sociology;2;0,14;8;0;1991
5.04 Sociology;1;0,09;2;0;1992
5.04 Sociology;1;0,23;5;0;1993
5.04 Sociology;2;0,82;36;0;1994
5.04 Sociology;2;2,14;89;0;1995
5.04 Sociology;1;0,02;1;0;1996
5.04 Sociology;3;1,28;98;0;1997
5.04 Sociology;2;0,57;30;0;1998
5.04 Sociology;2;0,40;25;0;1999
5.04 Sociology;5;1,27;188;0;2000
5.04 Sociology;1;0,03;1;0;2001
5.04 Sociology;2;0,48;29;0;2002
5.04 Sociology;2;3,71;207;0;2004
5.04 Sociology;12;0,08;21;0;2005
5.04 Sociology;16;1,15;359;0;2006
5.04 Sociology;19;0,55;182;0;2007
5.04 Sociology;33;1,03;501;0;2008
5.04 Sociology;38;0,34;180;0;2009
5.04 Sociology;43;0,67;374;0;2010
5.04 Sociology;38;0,63;260;0;2011
5.04 Sociology;51;0,70;338;0;2012
5.04 Sociology;51;1,07;426;1;2013
5.04 Sociology;53;0,52;176;0;2014
5.04 Sociology;59;0,91;263;0;2015
5.04 Sociology;54;0,74;132;0;2016
5.04 Sociology;68;1,16;157;0;2017
5.04 Sociology;74;0,69;57;0;2018
5.04 Sociology;60;2,69;59;1;2019
5.05 Law;2;0,48;13;0;1992
5.05 Law;1;0,09;1;0;1993
5.05 Law;1;0,29;4;0;1998
5.05 Law;1;0,06;1;0;2002
5.05 Law;1;1,02;16;0;2003
5.05 Law;1;9,80;139;0;2004
5.05 Law;12;0,10;11;0;2005
5.05 Law;15;0,06;9;0;2006
5.05 Law;10;0,13;10;0;2007
5.05 Law;10;0,60;43;0;2008
5.05 Law;10;0,43;27;0;2009
5.05 Law;10;0,49;32;0;2010
5.05 Law;14;0,21;16;0;2011
5.05 Law;14;0,76;49;0;2012
5.05 Law;19;0,53;40;0;2013
5.05 Law;23;0,90;70;0;2014
5.05 Law;22;0,69;41;0;2015
5.05 Law;40;0,32;25;0;2016
5.05 Law;30;0,68;24;0;2017
5.05 Law;29;0,71;16;0;2018
5.05 Law;27;0,27;2;0;2019
5.06 Political science;1;0,00;0;0;1981
5.06 Political science;1;0,00;0;0;1985
5.06 Political science;1;0,00;0;0;1986
5.06 Political science;2;0,09;2;0;1993
5.06 Political science;1;0,89;11;0;1996
5.06 Political science;1;1,02;15;0;1997
5.06 Political science;1;0,44;7;0;1999
5.06 Political science;1;0,76;14;0;2004
5.06 Political science;9;0,31;38;0;2005
5.06 Political science;13;0,45;74;0;2006
5.06 Political science;14;1,23;175;0;2007
5.06 Political science;18;0,43;73;0;2008
5.06 Political science;29;0,88;202;0;2009
5.06 Political science;20;0,74;121;0;2010
5.06 Political science;26;0,50;88;0;2011
5.06 Political science;20;0,61;77;0;2012
5.06 Political science;34;0,76;146;0;2013
5.06 Political science;32;0,67;100;0;2014
5.06 Political science;42;1,04;160;0;2015
5.06 Political science;37;1,48;206;1;2016
5.06 Political science;45;0,68;55;0;2017
5.06 Political science;34;0,44;15;0;2018
5.06 Political science;15;0,88;5;0;2019
5.07 Social and economic geography;1;3,62;25;0;1983
5.07 Social and economic geography;1;1,36;25;0;1995
5.07 Social and economic geography;1;0,03;1;0;2001
5.07 Social and economic geography;2;0,31;20;0;2002
5.07 Social and economic geography;3;0,64;60;0;2003
5.07 Social and economic geography;2;0,81;52;0;2004
5.07 Social and economic geography;16;0,23;91;0;2005
5.07 Social and economic geography;15;0,10;34;0;2006
5.07 Social and economic geography;17;0,30;96;0;2007
5.07 Social and economic geography;19;0,38;196;0;2008
5.07 Social and economic geography;22;0,57;190;0;2009
5.07 Social and economic geography;27;0,85;373;1;2010
5.07 Social and economic geography;33;1,20;570;1;2011
5.07 Social and economic geography;32;1,84;733;1;2012
5.07 Social and economic geography;40;1,55;734;2;2013
5.07 Social and economic geography;42;1,30;529;0;2014
5.07 Social and economic geography;45;1,38;486;0;2015
5.07 Social and economic geography;69;1,33;488;0;2016
5.07 Social and economic geography;78;0,89;225;0;2017
5.07 Social and economic geography;91;1,38;224;1;2018
5.07 Social and economic geography;92;0,99;49;0;2019
5.08 Media and communication;1;0,00;0;0;1989
5.08 Media and communication;1;0,85;10;0;1994
5.08 Media and communication;2;0,44;14;0;1995
5.08 Media and communication;1;0,41;7;0;1996
5.08 Media and communication;1;0,87;15;0;1997
5.08 Media and communication;2;0,44;16;0;1998
5.08 Media and communication;8;0,82;139;0;1999
5.08 Media and communication;5;0,87;108;0;2001
5.08 Media and communication;5;0,96;129;0;2002
5.08 Media and communication;11;0,69;281;0;2003
5.08 Media and communication;9;0,68;174;0;2004
5.08 Media and communication;12;0,81;187;0;2005
5.08 Media and communication;23;0,80;322;0;2006
5.08 Media and communication;30;1,22;604;0;2007
5.08 Media and communication;37;0,79;408;0;2008
5.08 Media and communication;44;0,92;758;1;2009
5.08 Media and communication;54;1,00;684;0;2010
5.08 Media and communication;47;1,13;730;1;2011
5.08 Media and communication;45;1,28;575;0;2012
5.08 Media and communication;46;1,43;517;0;2013
5.08 Media and communication;54;1,64;603;1;2014
5.08 Media and communication;57;1,48;460;0;2015
5.08 Media and communication;39;1,41;224;0;2016
5.08 Media and communication;46;2,09;236;1;2017
5.08 Media and communication;67;1,79;173;1;2018
5.08 Media and communication;41;0,38;6;0;2019
5.09 Other social sciences;1;0,00;0;0;1987
5.09 Other social sciences;1;0,00;0;0;1989
5.09 Other social sciences;1;5,32;89;0;1996
5.09 Other social sciences;1;0,17;3;0;1997
5.09 Other social sciences;1;0,09;2;0;2001
5.09 Other social sciences;1;0,94;23;0;2003
5.09 Other social sciences;4;0,50;50;0;2004
5.09 Other social sciences;5;0,17;14;0;2005
5.09 Other social sciences;10;0,49;73;0;2006
5.09 Other social sciences;11;0,85;134;0;2007
5.09 Other social sciences;14;0,52;164;0;2008
5.09 Other social sciences;11;0,14;17;0;2009
5.09 Other social sciences;23;0,86;203;0;2010
5.09 Other social sciences;31;1,34;347;0;2011
5.09 Other social sciences;65;0,56;296;0;2012
5.09 Other social sciences;66;1,07;450;0;2013
5.09 Other social sciences;82;0,64;268;0;2014
5.09 Other social sciences;71;0,66;212;0;2015
5.09 Other social sciences;72;1,21;271;0;2016
5.09 Other social sciences;79;1,09;148;0;2017
5.09 Other social sciences;103;1,41;152;1;2018
5.09 Other social sciences;74;2,34;63;1;2019
6 HUMANITIES;3;0,10;1;0;1981
6 HUMANITIES;2;0,00;0;0;1982
6 HUMANITIES;4;0,08;1;0;1983
6 HUMANITIES;6;0,10;2;0;1984
6 HUMANITIES;8;0,18;5;0;1985
6 HUMANITIES;9;0,06;2;0;1986
6 HUMANITIES;6;0,10;2;0;1987
6 HUMANITIES;7;0,66;16;0;1988
6 HUMANITIES;7;0,00;0;0;1989
6 HUMANITIES;6;1,21;29;0;1990
6 HUMANITIES;7;0,00;0;0;1991
6 HUMANITIES;12;0,17;8;0;1992
6 HUMANITIES;6;0,04;1;0;1993
6 HUMANITIES;7;0,23;7;0;1994
6 HUMANITIES;11;1,00;18;0;1995
6 HUMANITIES;10;0,09;4;0;1996
6 HUMANITIES;13;1,84;108;0;1997
6 HUMANITIES;9;0,10;4;0;1998
6 HUMANITIES;9;0,32;14;0;1999
6 HUMANITIES;17;1,32;111;0;2000
6 HUMANITIES;11;0,46;26;0;2001
6 HUMANITIES;28;1,61;237;0;2002
6 HUMANITIES;18;1,13;115;0;2003
6 HUMANITIES;19;0,97;98;0;2004
6 HUMANITIES;74;0,49;150;0;2005
6 HUMANITIES;74;0,64;196;0;2006
6 HUMANITIES;110;1,11;466;0;2007
6 HUMANITIES;102;0,98;382;0;2008
6 HUMANITIES;139;0,56;292;0;2009
6 HUMANITIES;147;0,69;334;0;2010
6 HUMANITIES;177;0,78;393;0;2011
6 HUMANITIES;222;0,95;497;0;2012
6 HUMANITIES;216;0,66;310;0;2013
6 HUMANITIES;231;0,73;295;0;2014
6 HUMANITIES;249;0,86;291;0;2015
6 HUMANITIES;278;1,05;273;0;2016
6 HUMANITIES;284;0,97;161;0;2017
6 HUMANITIES;279;0,74;70;0;2018
6 HUMANITIES;182;1,07;26;0;2019
6.01 History and archaeology;2;0,11;1;0;1983
6.01 History and archaeology;1;0,20;1;0;1985
6.01 History and archaeology;1;0,18;1;0;1986
6.01 History and archaeology;3;1,02;16;0;1988
6.01 History and archaeology;1;0,00;0;0;1989
6.01 History and archaeology;3;1,76;28;0;1990
6.01 History and archaeology;3;0,36;6;0;1992
6.01 History and archaeology;2;0,52;6;0;1994
6.01 History and archaeology;4;1,26;15;0;1995
6.01 History and archaeology;3;0,24;4;0;1996
6.01 History and archaeology;3;4,38;74;0;1997
6.01 History and archaeology;3;0,13;2;0;1998
6.01 History and archaeology;1;0,00;0;0;1999
6.01 History and archaeology;2;1,36;17;0;2000
6.01 History and archaeology;1;0,59;4;0;2001
6.01 History and archaeology;9;1,87;115;0;2002
6.01 History and archaeology;7;2,09;101;0;2003
6.01 History and archaeology;6;2,54;92;0;2004
6.01 History and archaeology;13;0,67;41;0;2005
6.01 History and archaeology;19;0,96;81;0;2006
6.01 History and archaeology;21;0,67;59;0;2007
6.01 History and archaeology;30;1,35;155;0;2008
6.01 History and archaeology;31;1,12;136;0;2009
6.01 History and archaeology;39;0,85;113;0;2010
6.01 History and archaeology;45;1,12;155;0;2011
6.01 History and archaeology;44;0,83;92;0;2012
6.01 History and archaeology;57;1,05;146;0;2013
6.01 History and archaeology;66;0,83;108;0;2014
6.01 History and archaeology;61;1,44;127;0;2015
6.01 History and archaeology;71;1,48;113;0;2016
6.01 History and archaeology;84;1,06;55;0;2017
6.01 History and archaeology;84;1,17;39;0;2018
6.01 History and archaeology;48;1,29;9;0;2019
6.02 Languages and literature;3;0,08;1;0;1981
6.02 Languages and literature;2;0,00;0;0;1982
6.02 Languages and literature;2;0,00;0;0;1983
6.02 Languages and literature;5;0,10;2;0;1984
6.02 Languages and literature;4;0,19;3;0;1985
6.02 Languages and literature;6;0,04;1;0;1986
6.02 Languages and literature;2;0,13;1;0;1987
6.02 Languages and literature;3;0,00;0;0;1988
6.02 Languages and literature;3;0,00;0;0;1989
6.02 Languages and literature;2;0,00;0;0;1990
6.02 Languages and literature;5;0,00;0;0;1991
6.02 Languages and literature;5;0,04;1;0;1992
6.02 Languages and literature;2;0,10;1;0;1993
6.02 Languages and literature;2;0,19;2;0;1995
6.02 Languages and literature;3;0,00;0;0;1996
6.02 Languages and literature;6;0,00;0;0;1997
6.02 Languages and literature;5;0,07;2;0;1998
6.02 Languages and literature;6;0,39;14;0;1999
6.02 Languages and literature;12;1,27;93;0;2000
6.02 Languages and literature;9;0,37;21;0;2001
6.02 Languages and literature;10;1,66;100;0;2002
6.02 Languages and literature;5;0,43;14;0;2003
6.02 Languages and literature;7;0,09;4;0;2004
6.02 Languages and literature;36;0,56;97;0;2005
6.02 Languages and literature;29;0,59;83;0;2006
6.02 Languages and literature;48;0,75;161;0;2007
6.02 Languages and literature;39;0,44;77;0;2008
6.02 Languages and literature;58;0,52;117;0;2009
6.02 Languages and literature;61;0,72;161;0;2010
6.02 Languages and literature;60;0,93;175;0;2011
6.02 Languages and literature;97;0,93;231;0;2012
6.02 Languages and literature;82;0,42;81;0;2013
6.02 Languages and literature;69;1,04;137;0;2014
6.02 Languages and literature;80;0,64;76;0;2015
6.02 Languages and literature;84;1,05;86;0;2016
6.02 Languages and literature;87;0,95;52;0;2017
6.02 Languages and literature;90;0,65;21;0;2018
6.02 Languages and literature;64;0,72;6;0;2019
6.03 Philosophy, ethics and religion;2;0,10;1;0;1985
6.03 Philosophy, ethics and religion;1;0,00;0;0;1986
6.03 Philosophy, ethics and religion;2;0,11;1;0;1987
6.03 Philosophy, ethics and religion;1;0,00;0;0;1988
6.03 Philosophy, ethics and religion;2;0,00;0;0;1989
6.03 Philosophy, ethics and religion;1;0,00;0;0;1991
6.03 Philosophy, ethics and religion;4;0,17;4;0;1992
6.03 Philosophy, ethics and religion;1;0,00;0;0;1993
6.03 Philosophy, ethics and religion;3;0,05;1;0;1994
6.03 Philosophy, ethics and religion;5;0,30;9;0;1995
6.03 Philosophy, ethics and religion;5;0,07;2;0;1996
6.03 Philosophy, ethics and religion;1;0,00;0;0;1997
6.03 Philosophy, ethics and religion;1;0,00;0;0;2000
6.03 Philosophy, ethics and religion;2;0,12;2;0;2002
6.03 Philosophy, ethics and religion;3;0,04;1;0;2003
6.03 Philosophy, ethics and religion;2;0,14;2;0;2004
6.03 Philosophy, ethics and religion;14;0,15;11;0;2005
6.03 Philosophy, ethics and religion;12;0,45;29;0;2006
6.03 Philosophy, ethics and religion;20;2,41;224;0;2007
6.03 Philosophy, ethics and religion;16;2,03;147;0;2008
6.03 Philosophy, ethics and religion;29;0,14;19;0;2009
6.03 Philosophy, ethics and religion;17;0,54;37;0;2010
6.03 Philosophy, ethics and religion;20;0,33;22;0;2011
6.03 Philosophy, ethics and religion;38;1,26;136;0;2012
6.03 Philosophy, ethics and religion;28;0,99;67;0;2013
6.03 Philosophy, ethics and religion;29;0,24;14;0;2014
6.03 Philosophy, ethics and religion;31;1,08;55;0;2015
6.03 Philosophy, ethics and religion;37;1,34;54;0;2016
6.03 Philosophy, ethics and religion;35;1,04;26;0;2017
6.03 Philosophy, ethics and religion;25;0,18;2;0;2018
6.03 Philosophy, ethics and religion;21;2,22;9;0;2019
6.04 Art;1;0,00;0;0;1984
6.04 Art;1;0,00;0;0;1987
6.04 Art;1;0,00;0;0;1989
6.04 Art;1;0,86;1;0;1992
6.04 Art;2;2,19;6;0;1994
6.04 Art;1;0,00;0;0;1995
6.04 Art;1;0,00;0;0;1997
6.04 Art;1;0,00;0;0;1998
6.04 Art;2;0,00;0;0;1999
6.04 Art;3;3,72;18;0;2000
6.04 Art;2;1,52;5;0;2001
6.04 Art;2;28,47;102;0;2002
6.04 Art;4;13,59;97;0;2003
6.04 Art;1;10,23;19;0;2004
6.04 Art;7;0,17;2;0;2005
6.04 Art;4;3,77;26;0;2006
6.04 Art;9;0,67;11;0;2007
6.04 Art;11;3,73;81;0;2008
6.04 Art;9;0,78;13;0;2009
6.04 Art;13;1,58;37;0;2010
6.04 Art;18;1,28;36;0;2011
6.04 Art;19;1,35;36;0;2012
6.04 Art;36;1,39;55;0;2013
6.04 Art;49;0,87;41;0;2014
6.04 Art;35;1,44;39;0;2015
6.04 Art;38;0,39;8;0;2016
6.04 Art;52;2,65;49;0;2017
6.04 Art;34;1,85;12;0;2018
6.04 Art;33;1,26;4;0;2019
6.05 Other Humanities;1;0,00;0;0;1985
6.05 Other Humanities;2;0,00;0;0;1986
6.05 Other Humanities;1;0,00;0;0;1987
6.05 Other Humanities;1;0,50;1;0;1990
6.05 Other Humanities;1;0,00;0;0;1991
6.05 Other Humanities;1;0,00;0;0;1992
6.05 Other Humanities;3;0,00;0;0;1993
6.05 Other Humanities;1;0,00;0;0;1994
6.05 Other Humanities;1;0,00;0;0;1995
6.05 Other Humanities;3;4,89;34;0;1997
6.05 Other Humanities;8;1,06;19;0;2002
6.05 Other Humanities;3;0,00;0;0;2003
6.05 Other Humanities;4;0,00;0;0;2004
6.05 Other Humanities;6;0,34;5;0;2005
6.05 Other Humanities;13;0,35;10;0;2006
6.05 Other Humanities;14;0,66;15;0;2007
6.05 Other Humanities;11;0,23;5;0;2008
6.05 Other Humanities;17;0,32;11;0;2009
6.05 Other Humanities;21;0,18;7;0;2010
6.05 Other Humanities;37;0,15;9;0;2011
6.05 Other Humanities;29;0,19;8;0;2012
6.05 Other Humanities;29;0,29;11;0;2013
6.05 Other Humanities;34;0,44;15;0;2014
6.05 Other Humanities;47;0,30;12;0;2015
6.05 Other Humanities;60;0,40;14;0;2016
6.05 Other Humanities;41;0,47;7;0;2017
6.05 Other Humanities;54;0,10;1;0;2018
6.05 Other Humanities;24;0,00;0;0;2019
;;;;;
Filter Summary:;;;;;
Dataset: InCites Dataset + ESCI;;;;;
Schema:  OECD;;;;;
Document Type:  [Article, Review, Letter, Note];;;;;
Organization Name:  [University of Granada];;;;;
;;;;;
Exported date  2020-01-22. ;;;;;
InCites dataset updated  Jan 3, 2020. Includes Web of Science content indexed through Nov 30, 2019;;;;;
